UniqueID,Section,Semester,TestControl,LAB_Avg_PI,LAB_grade_Avg,ASSIGN_PI_avg,ASSIGN_grade_Avg,QUIZ_PI_Avg,Quiz_Grade_Avg.,Final_PI_Avg,Final_Grade_Avg,final_weigth_PI
15370586,1112W05,SP23,Test,0.182,60.915,0.667,73.333,0.833,75.555,0.561,69.935,0.412
77961443,1112W05,SP23,Test,0,100.356,0.333,82.667,0,98.194,0.111,93.739,0.1
53413709,1112W05,SP23,Test,0,98.235,0,82.667,0,98.888,0,93.263,0
7576054,1112W05,SP23,Test,0.364,87.102,1,73.833,0.583,94.798,0.649,85.244,0.508
16045563,1112W05,SP23,Test,0,84.312,0,82.5,0,96.944,0,87.919,0
88703043,1112W05,SP23,Test,0.091,74.659,0,71.333,0.25,83.719,0.114,76.571,0.073
66820555,1112W05,SP23,Test,0.364,62.395,0.667,85.167,0.333,98.889,0.455,82.15,0.358
44263836,1112W05,SP23,Test,0,83.72,0,85,0,86.357,0,85.026,0
44700304,1112W05,SP23,Test,0,79.614,0.667,47.333,0.083,81.773,0.25,69.573,0.217
81967002,1112W05,SP23,Test,0,92.105,0.333,82.667,0,96.111,0.111,90.294,0.1
84866501,1112W05,SP23,Test,0.182,65.488,0.333,46.667,0,90.693,0.172,67.616,0.145
21568601,1112W05,SP23,Test,0.727,83.455,1,70,0.75,91.88,0.826,81.778,0.632
84886438,1112W05,SP23,Test,0,88.788,0.333,84.667,0,97.361,0.111,90.272,0.1
5548735,1112W05,SP23,Test,0.273,88.379,0,93.333,0.25,91.133,0.174,90.948,0.118
84588021,1112W05,SP23,Test,0,81.279,0.667,90.667,0.167,86.667,0.278,86.204,0.233
10218310,1112W05,SP23,Test,0.273,83.276,0.333,87.333,0.333,91.859,0.313,87.49,0.235
29194354,1112W05,SP23,Test,0.091,67.702,0.667,93.333,0.083,85.438,0.28,82.158,0.239
36588310,1112W05,SP23,Test,0,87.992,0,75.333,0,97.361,0,86.895,0
49831904,1112W05,SP23,Test,0,85.858,0,72.667,0,94.723,0,84.416,0
82418532,1112W05,SP23,Test,0,93.227,0,83.333,0,95.694,0,90.752,0
96093390,1112W05,SP23,Test,1,51.135,0.333,56.667,0.833,78.718,0.722,62.173,0.517
86742068,1112W05,SP23,Test,0,99.192,0,88,0,98.248,0,95.147,0
25149976,1112W05,SP23,Test,0,80.155,0,88.667,0,99.583,0,89.468,0
73839291,1112W05,SP23,Test,0,74.551,0,70.667,0,89.883,0,78.367,0
52315599,1112W05,SP23,Test,0,88.027,0,91.333,0,96.667,0,92.009,0
9777314,1112W05,SP23,Test,0,94.262,0,80.667,0.167,88.943,0.056,87.957,0.033
66439598,1112W05,SP23,Test,0.727,44.395,0.333,78.667,0.25,91.666,0.437,71.576,0.332
59108036,1112W05,SP23,Test,0.909,73.603,0.333,82,0.917,95.888,0.72,83.83,0.511
58849278,1112W05,SP23,Test,0.818,64.715,0.667,79.167,0.833,91.303,0.773,78.395,0.571
70810783,1112W05,SP23,Test,0,96.492,0,83.833,0,95.833,0,92.053,0
83717350,1112W05,SP23,Test,0.091,97.508,0,93.333,0.083,93.472,0.058,94.771,0.039
11045447,1112W05,SP23,Test,0.364,97.477,0,84,0.25,97.693,0.205,93.057,0.141
28643960,1112W05,SP23,Test,0.091,75.037,0,74.667,0,91.079,0.03,80.261,0.023
349896,1112W05,SP23,Test,0.545,77.172,0.667,77.833,0.167,97.917,0.46,84.307,0.37
30617688,1112W05,SP23,Test,0,73.805,0.333,89.333,0,93.889,0.111,85.676,0.1
65698661,1112W05,SP23,Test,0,84.071,0.333,91.333,0.167,96.25,0.167,90.551,0.133
74952498,1112W05,SP23,Test,0,92.437,0,68,0,93.355,0,84.597,0
67128495,1112W05,SP23,Test,0.273,78.709,0,91.333,0.167,87.639,0.146,85.894,0.102
46760344,1112W05,SP23,Test,0.636,67.414,0.333,48.667,0.583,95.47,0.518,70.517,0.376
84511207,1112W05,SP23,Test,0.818,80.284,0.667,86,0.833,84.444,0.773,83.576,0.571
70215277,1112W05,SP23,Test,0,99.317,0,92.667,0,100,0,97.328,0
11245985,1112W05,SP23,Test,0.091,90.286,0,74.667,0.083,97.5,0.058,87.484,0.039
13536316,1112W05,SP23,Test,0.091,67.462,0,86.5,0.083,90.833,0.058,81.598,0.039
91458610,1112W05,SP23,Test,0.727,89.337,1,84.5,0.583,97.083,0.77,90.307,0.598
76852635,1112W05,SP23,Test,0,95.655,0,90,0,97.276,0,94.31,0
83105217,1112W05,SP23,Test,0.364,80.316,0.333,63.333,0.25,86.805,0.316,76.818,0.241
25402884,1112W05,SP23,Test,0.455,92.843,0.667,86,0.5,98.109,0.54,92.317,0.414
24219804,1112W05,SP23,Test,0.636,78.392,0.333,95.333,0.75,82.917,0.573,85.547,0.409
91641614,1112W05,SP23,Test,0.364,90.004,0,60,0.5,80.555,0.288,76.853,0.191
87933826,1112W05,SP23,Test,0.182,94.037,0,86,0.25,96.358,0.144,92.132,0.095
71841858,1112W05,SP23,Test,0.455,84.726,0.667,78.667,0.583,96.859,0.568,86.751,0.43
40559073,1112W05,SP23,Test,0.091,88.216,0.333,75.333,0.083,97.917,0.169,87.155,0.139
80126191,1112W05,SP23,Test,0.455,76.824,0,87.333,0.5,97.638,0.318,87.265,0.214
21509906,1112W05,SP23,Test,0.091,83.933,0.667,61,0.083,97.5,0.28,80.811,0.239
56463528,1112W05,SP23,Test,0.455,86.456,0.667,82,0.333,97.223,0.485,88.56,0.38
16180264,1112W05,SP23,Test,0.182,75.304,0,86,0,91.88,0.061,84.395,0.045
76860318,1112W05,SP23,Test,0,98.023,0,97.333,0,97.639,0,97.665,0
18190616,1112W05,SP23,Test,0,98.69,0.333,90,0,96.667,0.111,95.119,0.1
12067510,1112W05,SP23,Test,0.364,95.157,0.667,84,0.333,99.167,0.455,92.775,0.358
14912348,1112W05,SP23,Test,1,79.347,0.333,72.667,1,79.444,0.778,77.153,0.55
4169520,1112W05,SP23,Test,0.182,68.396,0,85.333,0,97.361,0.061,83.697,0.045
40480111,1112W05,SP23,Test,0,93.58,0,80.5,0,92.277,0,88.786,0
40642864,1112W05,SP23,Test,0,87.083,0.333,70,0,96.443,0.111,84.508,0.1
83112029,1112W05,SP23,Test,0.727,70.007,0.333,62,0.583,89.359,0.548,73.789,0.398
37657801,1112W05,SP23,Test,0,79.935,0,58.667,0.083,93.388,0.028,77.33,0.017
40853929,1112W05,SP23,Test,0.727,14.243,0.333,50.667,0.583,34.465,0.548,33.125,0.398
34517649,1112W05,SP23,Test,0.455,74.845,1,82.667,0.417,96.528,0.624,84.68,0.497
79844861,1112W05,SP23,Test,0.727,37.502,0,94.667,0.917,86.112,0.548,72.76,0.365
27566640,1112W05,SP23,Test,0.636,74.153,0,92.667,0.833,80.108,0.49,82.309,0.326
14009188,1112W05,SP23,Test,0,94.084,0.333,92.667,0,96.667,0.111,94.472,0.1
5893952,1112W05,SP23,Test,0.273,87.209,0.333,79.333,0.417,97.083,0.341,87.875,0.252
32404465,1112W05,SP23,Test,0.091,75.135,0.333,93.333,0.083,88.473,0.169,85.647,0.139
98087447,1112W05,SP23,Test,0.182,88.951,0,82.667,0.333,96.998,0.172,89.539,0.112
51538695,1112W05,SP23,Test,0.091,82.017,0,91.333,0,96.025,0.03,89.792,0.023
87617652,1112W05,SP23,Test,0.727,58.137,0,72,0.75,51.411,0.492,60.516,0.332
7461524,1112W05,SP23,Test,0,90.811,0,79.333,0,99.028,0,89.724,0
94508945,1112W05,SP23,Test,0.182,83.022,0,67.333,0.083,93.943,0.088,81.433,0.062
93397455,1112W05,SP23,Test,0.182,88.182,0,92,0.083,97.276,0.088,92.486,0.062
4384696,1113-02,SP23,Test,0,100,0.143,74.286,0,76.143,0.048,83.476,0.04
4384696,1113-02,SP23,Test,0,100,0,97.143,0.286,93,0.095,96.714,0.08
72945836,1113-02,SP23,Test,0.143,89.143,0.143,88.571,0.143,84.857,0.143,87.524,0.12
4384696,1113-02,SP23,Test,0,100,0.286,82.857,0.143,93.571,0.143,92.143,0.12
27633754,1113-02,SP23,Test,0.143,96.571,0.143,74.286,0,72.714,0.095,81.19,0.08
45818563,1113-02,SP23,Test,0.286,94.857,0.429,91.429,0.714,83.571,0.476,89.952,0.4
32709004,1113-02,SP23,Test,0.143,93.286,0.143,80,0,81.286,0.095,84.857,0.08
13372890,1113-02,SP23,Test,0.286,75.143,0.143,80,0.143,80.429,0.19,78.524,0.16
38883537,1113-02,SP23,Test,0,98.286,0.143,68.571,0.143,59.286,0.095,75.381,0.08
22692382,1113-02,SP23,Test,0.143,98.714,0.429,85.714,0.857,91.286,0.476,91.905,0.4
57502365,1113-02,SP23,Test,0.286,57.857,0.429,71.429,0.143,65.429,0.286,64.905,0.24
64549879,1113-02,SP23,Test,0,95.143,0,97.143,0.143,92.286,0.048,94.857,0.04
63772600,1113-02,SP23,Test,0.714,57.714,0.714,67.619,0.571,81.143,0.667,68.825,0.56
70879287,1113-02,SP23,Test,0,98.143,0.143,68.571,0.571,76.429,0.238,81.048,0.2
24168682,1113-02,SP23,Test,0,85.571,0,94.286,0,85.143,0,88.333,0
2846148,1113-02,SP23,Test,0.429,84.286,0.857,40.953,0.429,81.714,0.571,68.984,0.48
16858491,1113-02,SP23,Test,0.429,90.286,0.714,65.714,0.714,57.857,0.619,71.286,0.52
30149537,1113-02,SP23,Test,0.571,30.286,0.857,28.571,0.429,22.143,0.619,27,0.52
74065130,1113-02,SP23,Test,0.429,69.857,0.286,74.286,0.143,80,0.286,74.714,0.24
94312881,1113-02,SP23,Test,0.286,98.143,0.286,82.857,0.714,55.429,0.429,78.81,0.36
4384696,1113-02,SP23,Test,0,100,0,94.286,0,96.857,0,97.048,0
53164261,1113-02,SP23,Test,0,91,0,71.429,0,60.286,0,74.238,0
46789092,1113-02,SP23,Test,0.571,84.286,0.286,77.143,0.143,73,0.333,78.143,0.28
4384696,1113-02,SP23,Test,0,100,0,94.286,0,92.143,0,95.476,0
79871276,1113-02,SP23,Test,0.286,88.429,0,94.286,0,88.429,0.095,90.381,0.08
77641746,1113-02,SP23,Test,0,81.857,0,91.429,0,84.429,0,85.905,0
8925080,1113-02,SP23,Test,0.143,80.571,0.286,79.047,0.286,72.857,0.238,77.492,0.2
66472393,1113-02,SP23,Test,0.429,76.714,0.429,71.429,0.286,56.714,0.381,68.286,0.32
20686327,1113-02,SP23,Test,0,94.286,0,82.857,0,82.429,0,86.524,0
4384696,1113-02,SP23,Test,0,100,0,88.571,0,93.286,0,93.952,0
94312881,1113-02,SP23,Test,0.286,98.143,0.286,62.857,0,90.429,0.19,83.81,0.16
42436544,1113-02,SP23,Test,0.143,100,0.429,71.429,0.143,88.143,0.238,86.524,0.2
29447355,1113-02,SP23,Test,0.857,93.429,0.143,68.571,0.143,87.429,0.381,83.143,0.32
48614178,1113-02,SP23,Test,0.429,97.857,0,74.286,0.143,79,0.19,83.714,0.16
20480358,1113-02,SP23,Test,0.143,93.571,0,80,0,81.857,0.048,85.143,0.04
20150384,1113-02,SP23,Test,0.714,89.143,0.143,77.143,0.429,88.571,0.429,84.952,0.36
57073441,1113-02,SP23,Test,0.143,78,0.143,57.143,0.143,64,0.143,66.381,0.12
77825728,1113-02,SP23,Test,1,0,1,0,1,0,1,0,0.84
79709239,1113-02,SP23,Test,0.286,94,0.286,77.143,0.429,81.429,0.333,84.19,0.28
85939118,1113-02,SP23,Test,0.143,95.714,0.143,77.143,0.429,67.714,0.238,80.19,0.2
15042435,1113-02,SP23,Test,0.143,66.286,0.143,69.524,0.143,76.714,0.143,70.841,0.12
18642172,1113-01,SP23,Test,0,95,0,91.429,0.143,77.857,0.048,88.095,0.04
94253708,1113-01,SP23,Test,1,21.571,0.714,57.143,0.857,61.714,0.857,46.81,0.72
89089204,1113-01,SP23,Test,0.143,86.714,0.286,86.667,0.286,87.714,0.238,87.032,0.2
60944351,1113-01,SP23,Test,0.429,98.286,0.429,77.143,0.714,83,0.524,86.143,0.44
51002842,1113-01,SP23,Test,0.286,99,0.714,77.143,0.714,89.571,0.571,88.571,0.48
95708964,1113-01,SP23,Test,0.143,96.429,0.143,88.571,0.143,88.286,0.143,91.095,0.12
12009125,1113-01,SP23,Test,0.286,96.571,0,91.429,0.286,88.286,0.19,92.095,0.16
8998298,1113-01,SP23,Test,0,94.429,0.143,68.571,0,77.429,0.048,80.143,0.04
60716705,1113-01,SP23,Test,0,99.571,0,97.143,0,90.714,0,95.81,0
16415975,1113-01,SP23,Test,0,73.143,0.143,74.286,0,86.714,0.048,78.048,0.04
31043565,1113-01,SP23,Test,0,100,0,91.429,0.429,92,0.143,94.476,0.12
99328738,1113-01,SP23,Test,0,96.143,0,88.571,0.143,83.714,0.048,89.476,0.04
76199601,1113-01,SP23,Test,0.143,81.857,0,80,0,88.714,0.048,83.524,0.04
51795909,1113-01,SP23,Test,0,93.714,0,88.571,0.143,88.571,0.048,90.286,0.04
88313213,1113-01,SP23,Test,0.571,74.714,0.857,80,0.286,82.286,0.571,79,0.48
84797395,1113-01,SP23,Test,0.143,98.286,0,88.571,0,81.714,0.048,89.524,0.04
2504838,1113-01,SP23,Test,0,83.286,0,80,0.143,54.714,0.048,72.667,0.04
99521810,1113-01,SP23,Test,0,93.571,0,92.381,0,86.143,0,90.699,0
79804469,1113-01,SP23,Test,0.286,97.857,0.286,82.857,0.286,92,0.286,90.905,0.24
20056607,1113-01,SP23,Test,0.571,98.143,0.143,80,0,81.857,0.238,86.667,0.2
50419987,1113-01,SP23,Test,0.143,90.429,0.286,100,0.143,87.143,0.19,92.524,0.16
48401718,1113-01,SP23,Test,0.143,81.714,0,94.286,0,88.143,0.048,88.048,0.04
37170820,1113-01,SP23,Test,0.714,75.714,0.857,78.096,0.429,88.429,0.667,80.746,0.56
39910926,1113-01,SP23,Test,0.286,97.429,0.429,82.857,0.143,92.143,0.286,90.81,0.24
41210492,1113-01,SP23,Test,0,90.714,0,97.143,0,94.857,0,94.238,0
45820390,1113-01,SP23,Test,0,97.429,0,91.429,0,81.571,0,90.143,0
79095132,1113-01,SP23,Test,0,76.429,0.571,51.429,0.571,74.429,0.381,67.429,0.32
29553364,1113-01,SP23,Test,0.286,83.714,0.429,82.857,0.429,85.286,0.381,83.952,0.32
28544556,1113-01,SP23,Test,0.143,99.143,0.143,57.143,0.143,83.143,0.143,79.81,0.12
28163657,1113-01,SP23,Test,0.571,31.143,0.857,37.143,0.857,50.571,0.762,39.619,0.64
79923412,1113-01,SP23,Test,0.286,100,0,97.143,0.286,79.286,0.19,92.143,0.16
50638783,1113-01,SP23,Test,0.714,39.714,0.857,51.429,0.714,63.143,0.762,51.429,0.64
35843654,1113-01,SP23,Test,0.429,74,0.286,77.143,0.429,65.429,0.381,72.19,0.32
719664,1113-01,SP23,Test,0.857,46.571,0.286,75.239,0.143,74.429,0.429,65.413,0.36
53320259,1113-01,SP23,Test,0.429,99.143,0.143,85.714,0,88.286,0.19,91.048,0.16
69848479,1113-01,SP23,Test,0.714,25,0.571,37.143,0.429,62.714,0.571,41.619,0.48
55926283,1113-01,SP23,Test,0.286,87.286,0,94.286,0,81.571,0.095,87.714,0.08
28096140,1113-01,SP23,Test,0,98.714,0.429,68.571,0.286,91.714,0.238,86.333,0.2
31043565,1113-01,SP23,Test,0,100,0,91.429,0.143,88,0.048,93.143,0.04
45653295,1113-01,SP23,Test,0.714,0,0.857,14.286,0.857,8,0.81,7.429,0.68
20564630,1113-01,SP23,Test,0.143,99.571,0.143,82.857,0.429,84.286,0.238,88.905,0.2
37055354,1113-01,SP23,Test,0.143,100,0,94.286,0,97.857,0.048,97.381,0.04
40006715,1112W01,SP23,Test,0,76.827,0.286,100,0.5,48,0.262,74.942,0.186
27596146,1112W01,SP23,Test,0.875,0.735,0.857,57.143,0.75,40.25,0.827,32.709,0.381
50362193,1112W01,SP23,Test,0.5,75.238,1,100,0.25,78,0.583,84.413,0.196
87216372,1112W01,SP23,Test,0.375,58.821,0.429,100,0.75,59.25,0.518,72.69,0.309
72645096,1112W01,SP23,Test,0.125,82.389,0.143,85.714,0,75.5,0.089,81.201,0.021
29878650,1112W01,SP23,Test,0.5,11.378,0.714,28.571,0.875,9.25,0.696,16.4,0.381
65661773,1112W01,SP23,Test,0.125,80.719,0,97.143,0,65.25,0.042,81.037,0.01
41453964,1112W01,SP23,Test,0.125,72.88,0.429,100,0,73.75,0.185,82.21,0.041
82200949,1112W01,SP23,Test,0.125,71.263,0.714,100,0.375,43.25,0.405,71.504,0.185
22447552,1112W01,SP23,Test,0.625,82.485,0.857,57.143,0.5,43.5,0.661,61.043,0.278
5492491,1112W01,SP23,Test,0.125,96.36,0.857,100,0,68,0.327,88.12,0.072
64058032,1112W01,SP23,Test,0,89.438,0.286,100,0,74.75,0.095,88.063,0.021
88676133,1112W01,SP23,Test,0.125,86.583,0.571,100,0,86,0.232,90.861,0.051
59677342,1112W01,SP23,Test,0.625,55.678,0.857,85.714,0.25,74,0.577,71.797,0.196
59829589,1112W01,SP23,Test,0.5,63.544,0.857,100,0.125,75.75,0.494,79.765,0.144
81077878,1112W01,SP23,Test,0.125,81.845,0.429,100,0.125,75.75,0.226,85.865,0.082
29800487,1112W01,SP23,Test,0,92.452,0.143,100,0,74.5,0.048,88.984,0.01
34987512,1112W01,SP23,Test,0.375,74.897,0.429,100,0.75,60.5,0.518,78.466,0.309
13454735,1112W01,SP23,Test,0,85.368,0,100,0,82.75,0,89.373,0
42789834,1112W01,SP23,Test,0.25,66.816,0.571,100,0.375,38.25,0.399,68.355,0.186
84656438,1112W01,SP23,Test,1,0,0.857,14.286,0.75,17.25,0.869,10.512,0.392
52445126,1112W01,SP23,Test,0,91.556,0.857,100,0.625,72.25,0.494,87.935,0.268
87970315,1112W01,SP23,Test,0,87.965,0.429,100,0,81.5,0.143,89.822,0.031
6084446,1112W01,SP23,Test,1,92.138,0.143,85.714,0,76.25,0.381,84.701,0.093
41733918,1112W01,SP23,Test,0,85.402,0.714,100,0.125,69.25,0.28,84.884,0.093
7996457,1112W01,SP23,Test,0.375,92.042,0.143,100,0,68.75,0.173,86.931,0.041
62079183,1112W01,SP23,Test,0.25,67.906,0.429,100,0.125,78.75,0.268,82.219,0.093
47896957,1112W01,SP23,Test,0.125,81.187,0.857,100,0.25,77.75,0.411,86.312,0.155
96241899,1112W01,SP23,Test,0.5,36.073,0.143,94.286,0.25,40.75,0.298,57.036,0.134
38459860,1112W01,SP23,Test,0.125,67.567,0.143,100,0,81.5,0.089,83.022,0.021
65007306,1112W01,SP23,Test,0.625,19.332,0.857,82.857,0.25,60,0.577,54.063,0.196
93556309,1112W01,SP23,Test,0,83.282,0.143,85.714,0.125,63.25,0.089,77.415,0.052
93606922,1112W01,SP23,Test,0.125,88.077,0.571,100,0.25,72.5,0.315,86.859,0.134
42554448,1112W01,SP23,Test,0.125,94.094,0.857,100,0.375,81.5,0.452,91.865,0.196
67797820,1112W01,SP23,Test,0,80.588,0.286,85.714,0,80,0.095,82.101,0.021
33234552,1112W01,SP23,Test,0.125,98.843,0.714,100,0.25,72.75,0.363,90.531,0.144
27817023,1112W01,SP23,Test,0,100,0.286,100,0,83.75,0.095,94.583,0.021
3058350,1112W02,SP23,Control,0,99.359,0,100,0,71.75,0,90.37,0
44475545,1112W02,SP23,Control,0,91.082,0,100,0,74.25,0,88.444,0
74007679,1112W02,SP23,Control,0.375,92.236,0.5,100,0.375,69.25,0.417,87.162,0.192
4917205,1112W02,SP23,Control,0,98.544,0.5,100,0.125,72.25,0.208,90.265,0.077
26997424,1112W02,SP23,Control,0,95.51,0.167,83.333,0,69,0.056,82.614,0.012
53467695,1112W02,SP23,Control,1,97.2,0,100,0,78,0.333,91.733,0.085
49369695,1112W02,SP23,Control,0.25,78.937,1,0,0.125,73,0.458,50.646,0.135
47766146,1112W02,SP23,Control,0.25,80.407,0,100,0.5,51,0.25,77.136,0.186
17530659,1112W02,SP23,Control,0,98.077,0,100,0.125,75,0.042,91.026,0.041
94826690,1112W02,SP23,Control,0.25,90.073,0,100,0,73.5,0.083,87.858,0.021
59963667,1112W02,SP23,Control,0,83.08,0,83.333,0.125,68,0.042,78.138,0.041
75784238,1112W02,SP23,Control,0.25,86.631,0,96.667,0.25,72,0.167,85.099,0.104
25757769,1112W02,SP23,Control,0.125,80.735,0,96.667,0,78.5,0.042,85.3,0.011
89080558,1112W02,SP23,Control,0.375,64.159,0.333,100,0,71.5,0.236,78.553,0.056
92001212,1112W02,SP23,Control,0,92.714,0.167,100,0.25,74.75,0.139,89.155,0.095
31332688,1112W02,SP23,Control,0.125,78.352,0,100,0.875,77.75,0.333,85.367,0.299
52956975,1112W02,SP23,Control,0,95.274,0.667,100,0.125,75.25,0.264,90.175,0.089
21313683,1112W02,SP23,Control,0.375,81.308,0,100,0.5,49,0.292,76.769,0.197
49897728,1112W02,SP23,Control,0,85.937,0.667,100,0.25,67.25,0.306,84.396,0.131
54975036,1112W02,SP23,Control,0.5,89.2,0.167,100,0.25,82.75,0.306,90.65,0.137
53209579,1112W02,SP23,Control,0,79.883,0.5,100,0.5,82.75,0.333,87.544,0.201
42353091,1112W02,SP23,Control,0.75,86.707,0.167,100,1,50.25,0.639,78.986,0.406
83597691,1112W02,SP23,Control,0.25,96.538,0.667,100,0.625,73,0.514,89.846,0.276
71487672,1112W02,SP23,Control,0.125,71.04,0.333,100,0.25,59.25,0.236,76.763,0.117
71961564,1112W02,SP23,Control,0,93.117,0.167,100,0,67.75,0.056,86.956,0.012
54025182,1112W02,SP23,Control,0,98.718,0,100,0.125,79.25,0.042,92.656,0.041
31453860,1112W02,SP23,Control,0.125,90.131,0.5,100,0.375,65,0.333,85.044,0.17
12656297,1112W02,SP23,Control,0.375,78.515,0.167,100,0.625,62,0.389,80.172,0.25
12868055,1112W02,SP23,Control,0.625,68.822,1,100,0.375,58.25,0.667,75.691,0.249
51731655,1112W02,SP23,Control,0.75,55.112,0,100,0.875,39.75,0.542,64.954,0.353
51244663,1112W02,SP23,Control,0,92.487,1,0,0.125,76.25,0.375,56.246,0.113
52356788,1112W02,SP23,Control,0.125,100,0,100,0,85.25,0.042,95.083,0.011
48739201,1112W02,SP23,Control,0.25,92.909,0,100,0.25,64.5,0.167,85.803,0.104
72244415,1112W02,SP23,Control,0.125,85.406,0.333,100,0,76,0.153,87.135,0.035
22327248,1112W02,SP23,Control,0.125,99.359,0,100,0,75,0.042,91.453,0.011
99021910,1112W02,SP23,Control,0.125,72.171,0,100,0,44,0.042,72.057,0.011
59035804,1112W02,SP23,Control,0.125,97.873,0,100,0.125,74.25,0.083,90.708,0.052
17085850,1112W02,SP23,Control,0.5,59.32,0,100,0.375,79.75,0.292,79.69,0.166
17559799,1112W02,SP23,Control,0.5,78.276,0.667,96.667,0.625,72,0.597,82.314,0.297
27065597,1112W02,SP23,Control,0.125,78.943,0.333,100,0,67.75,0.153,82.231,0.035
7421879,1113W01,SP23,Test,0.25,88.01,0.125,100,0,84.166,0.125,88.102,0.075
97150854,1113W01,SP23,Test,0,100,0,100,0,82.501,0,89.501,0
54460427,1113W01,SP23,Test,0,99.621,0.375,100,0.25,90.416,0.208,94.174,0.225
79180641,1113W01,SP23,Test,0.5,88.122,0.625,87.5,0.125,76.665,0.417,81.123,0.3
68076025,1113W01,SP23,Test,0.375,50.102,0.375,92.964,0.5,79.165,0.417,76.112,0.45
6602007,1113W01,SP23,Test,0.75,85.54,0.625,100,0.5,77.916,0.625,83.858,0.575
11151392,1113W01,SP23,Test,0.5,100,0.125,100,0.375,88.333,0.333,93,0.35
122888,1113W01,SP23,Test,0.25,75.304,0.5,88.558,0.25,79.999,0.333,80.772,0.3
39161297,1113W01,SP23,Test,0.875,52.974,1,81.285,0.875,72.915,0.917,70.601,0.9
64301610,1113W01,SP23,Test,0.5,96.163,0.5,62.466,0.875,71.666,0.625,74.726,0.725
97150854,1113W01,SP23,Test,0,100,0,100,0,89.166,0,93.5,0
60817458,1113W01,SP23,Test,0,99.597,0,100,0,82.915,0,89.668,0
73984762,1113W01,SP23,Test,0.125,100,0,100,0.375,85.833,0.167,91.5,0.25
76364366,1113W01,SP23,Test,0.125,98.823,0.375,78.428,0.5,88.334,0.333,88.45,0.4
20551216,1113W01,SP23,Test,0.375,53.995,0,90.79,0.875,65,0.417,67.957,0.6
97150854,1113W01,SP23,Test,0,100,0.125,100,0.125,94.168,0.083,96.501,0.1
97150854,1113W01,SP23,Test,0,100,0.125,99.219,0,90.416,0.042,94.094,0.025
97150854,1113W01,SP23,Test,0,100,0.875,93.458,0.5,85.835,0.458,90.193,0.475
90911673,1113W01,SP23,Test,0.875,80.203,0.75,76.411,1,84.584,0.875,82.073,0.925
16708962,1113W01,SP23,Test,0.5,90.515,0.25,100,0,79.168,0.25,85.604,0.15
90679907,1113W01,SP23,Test,0,94.686,0.125,100,0,84.164,0.042,89.435,0.025
49024053,1113W01,SP23,Test,0,98.203,0.25,100,0.125,94.168,0.125,96.141,0.125
33860399,1113W01,SP23,Test,0.625,56.473,0.75,52.115,0.75,70.557,0.708,64.052,0.725
22869305,1113W01,SP23,Test,0.25,100,0.625,100,0.375,92.499,0.417,95.499,0.4
64024485,1113W01,SP23,Test,0,98.104,0,100,0,84.169,0,90.122,0
54460427,1113W01,SP23,Test,0,99.621,0,100,0,90.415,0,94.173,0
50557408,1113W01,SP23,Test,0,95.235,0.5,100,0.25,80.415,0.25,87.296,0.25
48392976,1113W01,SP23,Test,0.625,72.229,0.125,100,0.125,88.749,0.292,87.695,0.225
91064371,1113W01,SP23,Test,0.5,98.033,0.125,99.099,0,85.418,0.208,90.677,0.125
48653318,1113W01,SP23,Test,0.875,62.5,0.5,83.333,0.75,72.668,0.708,72.767,0.725
11936364,1113W01,SP23,Test,0.125,99.632,0.25,100,0,92.916,0.125,95.676,0.075
34625199,1113W01,SP23,Test,0.125,98.875,0.25,100,0,85.416,0.125,91.025,0.075
73984762,1113W01,SP23,Test,0.125,100,0.125,100,0,89.168,0.083,93.501,0.05
50972322,1113W01,SP23,Test,0.125,99.205,0,100,0,82.084,0.042,89.091,0.025
97139235,1113W01,SP23,Test,0.125,96.073,0,100,0,89.169,0.042,92.716,0.025
5307030,1113W01,SP23,Test,0.25,77.689,0,100,0,82.5,0.083,85.038,0.05
73984762,1113W01,SP23,Test,0.125,100,0,100,0,94.585,0.042,96.751,0.025
60139211,1113W01,SP23,Test,0.125,78.255,0.25,100,0,78.75,0.125,82.901,0.075
97732684,1113W02,SP23,Control,0.375,0,1,0,1,0,0.792,0,0.875
94098021,1113W02,SP23,Control,0.25,96.5,0,100,0,85.831,0.083,94.11,0.05
44237832,1113W02,SP23,Control,0.125,98.423,0,100,0,88.749,0.042,95.724,0.025
63864563,1113W02,SP23,Control,0.5,78.405,0,100,0.375,84.583,0.292,87.662,0.325
78666100,1113W02,SP23,Control,0,87.5,0.125,87.5,0,90.833,0.042,88.611,0.025
98455712,1113W02,SP23,Control,0.5,68.384,0.75,87.989,0.25,85,0.5,80.458,0.4
34255515,1113W02,SP23,Control,0,93.246,0.125,100,0.25,79.585,0.125,90.944,0.175
73230659,1113W02,SP23,Control,0.375,100,0,100,0,91.251,0.125,97.084,0.075
59845464,1113W02,SP23,Control,0.25,71.584,1,32.461,0.5,79.581,0.583,61.209,0.55
35302128,1113W02,SP23,Control,0,74.481,0,90.235,0,80.834,0,81.85,0
92456576,1113W02,SP23,Control,0.125,85.464,0,100,0,93.335,0.042,92.933,0.025
43699458,1113W02,SP23,Control,0.5,99.621,0,100,0,90.835,0.167,96.819,0.1
65024594,1113W02,SP23,Control,0,100,0,100,0,92.084,0,97.361,0
75627213,1113W02,SP23,Control,0.25,99.621,0,100,0.25,88.753,0.167,96.125,0.2
51730807,1113W02,SP23,Control,0.125,96.283,0.125,100,0,87.083,0.083,94.455,0.05
19153350,1113W02,SP23,Control,0.125,85.594,0,99.888,0.25,82.915,0.125,89.466,0.175
31174853,1113W02,SP23,Control,0,95.352,0.75,88,0.25,80.001,0.333,87.785,0.3
93677163,1113W02,SP23,Control,0,92.919,0,82.063,0,76.668,0,83.883,0
33448347,1113W02,SP23,Control,0.625,80.922,0.625,75,0.25,82.086,0.5,79.336,0.4
74251661,1113W02,SP23,Control,0.25,90.163,0,100,0.375,88.75,0.208,92.971,0.275
70876060,1113W02,SP23,Control,0,74.864,0,100,0.25,73.749,0.083,82.871,0.15
82808378,1113W02,SP23,Control,0,72.93,0.125,100,0.625,64.581,0.25,79.17,0.4
64948909,1113W02,SP23,Control,0,94.693,0.25,100,0.125,94.581,0.125,96.425,0.125
12136323,1113W02,SP23,Control,0.625,72.325,0.875,63.359,0.125,75.415,0.542,70.366,0.375
40980550,1113W02,SP23,Control,0.25,88.356,0.5,30.651,0.125,85.416,0.292,68.141,0.225
39602916,1113W02,SP23,Control,0.625,93.001,0,88.668,0.125,82.081,0.25,87.917,0.2
36249221,1113W02,SP23,Control,0.125,69.994,0,97.369,0,82.085,0.042,83.149,0.025
43037045,1113W02,SP23,Control,0.125,98.759,0.25,100,0,91.25,0.125,96.67,0.075
43539037,1113W02,SP23,Control,0.625,79.517,0.875,42.37,0.75,87.918,0.75,69.935,0.75
91579746,1113W02,SP23,Control,1,67.14,0.75,72.09,0.625,94.169,0.792,77.8,0.725
24944436,1113W02,SP23,Control,0.5,91.204,0,100,0.25,81.251,0.25,90.818,0.25
65024594,1113W02,SP23,Control,0,100,0,88.065,0.125,86.249,0.042,91.438,0.075
67318513,1113W02,SP23,Control,0,88.73,0.75,98.085,0.625,87.5,0.458,91.438,0.525
86307039,1113W02,SP23,Control,0.375,62.081,0.5,81.25,0.625,89.584,0.5,77.638,0.55
89734443,1113W02,SP23,Control,0.25,84.751,0,100,0.25,75.416,0.167,86.722,0.2
96552759,1113W02,SP23,Control,0.125,93.56,0.125,30.289,0.625,70,0.292,64.616,0.425
7876226,1113W02,SP23,Control,0.25,51.243,0.375,36.691,0.25,54.585,0.292,47.507,0.275
22243140,1113W02,SP23,Control,0.375,85.152,0.125,100,0,82.915,0.167,89.356,0.1
97958061,1113W02,SP23,Control,0.25,98.483,0,93.461,0,85.416,0.083,92.453,0.05
5433033,1113W02,SP23,Control,0.125,100,0,100,0.375,89.583,0.167,96.528,0.25
65024594,1113W02,SP23,Control,0,100,0,100,0.25,78.748,0.083,92.916,0.15
95548117,1113W03,SP23,Test,1,78.1,,,1,91.67,1,86.18,0.91
70936402,1113W03,SP23,Test,0.667,87.96,,,0.333,91.67,0.5,87.42,0.437
48703206,1113W03,SP23,Test,0.333,75.77,,,0.333,87.78,0.333,84.34,0.303
18501770,1113W03,SP23,Test,0.111,84.27,,,0.333,57.78,0.222,67.84,0.214
57622337,1113W03,SP23,Test,0.333,0,,,0,92.22,0.167,91.56,0.133
54804680,1113W03,SP23,Test,0,73.52,,,0,87.22,0,91.26,0
57925082,1113W03,SP23,Test,0.111,89.65,,,0,97.78,0.056,92.63,0.044
60812471,1113W03,SP23,Test,0,90.37,,,0,98.33,0,80.07,0
68321807,1113W03,SP23,Test,0.333,78.41,,,0.333,93.89,0.333,94.96,0.303
91220769,1113W03,SP23,Test,0,77.01,,,0,57.78,0,63.87,0
54421305,1113W03,SP23,Test,0.222,87.67,,,0,90.56,0.111,91.33,0.089
47028927,1113W03,SP23,Test,0,77.64,,,0,88.89,0,83.44,0
83451375,1113W03,SP23,Test,0.111,82.19,,,0,95.56,0.056,93.22,0.044
30621488,1113W03,SP23,Test,0,90.53,,,0,88.33,0,87.94,0
46840104,1113W03,SP23,Test,0.111,67.31,,,0,85.56,0.056,86.54,0.044
61222715,1113W03,SP23,Test,0.667,95.92,,,0.667,78.89,0.667,75.5,0.607
22860951,1113W03,SP23,Test,0,85.6,,,0,92.22,0,90.93,0
26788077,1113W03,SP23,Test,0.111,78.84,,,0,86.11,0.056,85.79,0.044
32539216,1113W03,SP23,Test,0,73.45,,,0.333,97.22,0.167,94.44,0.17
33277167,1113W03,SP23,Test,0,88.54,,,0.333,85.56,0.167,82.04,0.17
97176602,1113W03,SP23,Test,0.667,88.82,,,0.333,92.22,0.5,92.24,0.437
58381780,1113W03,SP23,Test,0.111,88.72,,,0,88.89,0.056,83.26,0.044
82007490,1113W03,SP23,Test,0.222,86.75,,,0,91.67,0.111,90.46,0.089
85919437,1113W03,SP23,Test,0,86.79,,,0,92.78,0,90.79,0
25769995,1113W03,SP23,Test,0.889,89.45,,,0,82.22,0.444,72.23,0.356
91076679,1113W03,SP23,Test,0.333,88.82,,,0,0,0.167,0,0.133
93784397,1113W03,SP23,Test,0.556,90.5,,,0,91.67,0.278,90.82,0.222
55702219,1113W03,SP23,Test,0,60.96,,,0,86.67,0,88.73,0
26357509,1113W03,SP23,Test,0.222,92.35,,,0.333,89.44,0.278,88.88,0.259
87739315,1113W03,SP23,Test,0.222,79.56,,,0.667,91.67,0.444,90.47,0.429
80355014,1113W03,SP23,Test,0.333,87.3,,,0.333,93.89,0.333,93.12,0.303
50785018,1113W03,SP23,Test,0,87.25,,,0.333,93.89,0.167,96.09,0.17
85386020,1113W03,SP23,Test,0.111,92.23,,,0.333,98.33,0.222,97.52,0.214
38118061,1113W03,SP23,Test,0.111,95.51,,,0.333,85,0.222,82.22,0.214
76385396,1113W03,SP23,Test,0.111,90.95,,,0.667,90.56,0.389,89.47,0.384
22028330,1113W03,SP23,Test,0.333,85.16,,,0.667,92.78,0.5,93.11,0.473
30051642,1113W03,SP23,Test,0,85.67,,,0,87.22,0,88.18,0
15736319,1113W03,SP23,Test,0.667,95.18,,,0,92.78,0.333,90.38,0.267
81336089,1113W03,SP23,Test,0.556,74.35,,,0,87.78,0.278,89.18,0.222
65457798,1113W03,SP23,Test,0.111,73.16,,,0,58.89,0.056,68.77,0.044
79740780,1113W03,SP23,Test,0.444,92.69,,,0.5,87.78,0.472,81.23,0.433
58489072,1113W03,SP23,Test,0.111,77.27,,,0,92.22,0.056,92.23,0.044
56939297,1113W03,SP23,Test,0.778,84.41,,,1,95.56,0.889,93.22,0.821
63810332,1112W06,SP23,Control,0.091,61.449,0.667,66,0.167,74.05,0.308,80.3,0.396
90505522,1112W06,SP23,Control,0.182,74.968,0.333,74,0.167,92.383,0.227,84.2,0.254
64254851,1112W06,SP23,Control,0.364,56.563,0.333,89.333,0.083,99.306,0.26,91.4,0.286
55465346,1112W06,SP23,Control,0.636,84.378,0.333,84.667,0.583,86.08,0.518,90.4,0.473
91274641,1112W06,SP23,Control,0.182,72.45,0.667,71.667,0.083,93.943,0.311,87.4,0.402
65836545,1112W06,SP23,Control,0.182,87.019,0,96.667,0.25,96.358,0.144,97.6,0.106
89403714,1112W06,SP23,Control,0.182,63.871,0,63.333,0.167,70.748,0.116,77,0.088
21337485,1112W06,SP23,Control,0.636,45.474,0.333,84,0.667,79.583,0.545,81.7,0.492
17753413,1112W06,SP23,Control,0.091,97.872,0,77.333,0,95.139,0.03,92.7,0.025
83172465,1112W06,SP23,Control,0.091,85.451,0,76.667,0,95.524,0.03,87.7,0.025
74385383,1112W06,SP23,Control,0.455,64.114,0,74.667,0.083,99.583,0.179,80.2,0.145
44690553,1112W06,SP23,Control,0.182,90.362,0,88.667,0,86.25,0.061,96.1,0.051
29972125,1112W06,SP23,Control,0.818,27.475,1,20,0.583,42.917,0.801,35.9,0.857
78049733,1112W06,SP23,Control,0.182,85.003,0,88.667,0,91.389,0.061,94.6,0.051
13980557,1112W06,SP23,Control,0.182,90.584,0,91.333,0.083,95.833,0.088,97.4,0.069
4465630,1112W06,SP23,Control,0.182,97.218,0.333,98,0.083,98.473,0.199,100.4,0.236
68313211,1112W06,SP23,Control,0.182,95.589,0.667,78.667,0.083,93.889,0.311,88.6,0.402
25027056,1112W06,SP23,Control,0.273,90.49,0.333,81.333,0.5,97.639,0.369,91.5,0.354
6961277,1112W06,SP23,Control,0.091,96.479,0,82.333,0,96.859,0.03,93.3,0.025
83385045,1112W06,SP23,Control,0.091,68.913,0,69.833,0.083,87.543,0.058,81.9,0.044
61774237,1112W06,SP23,Control,0.091,95.087,0,96.667,0,98.194,0.03,100.7,0.025
16308868,1112W06,SP23,Control,0.091,93.924,0,90,0.5,91.026,0.197,95.2,0.136
65514789,1112W06,SP23,Control,0.727,48.578,0.333,75.333,0.333,81.303,0.465,79.6,0.443
11958835,1112W06,SP23,Control,1,27.873,0.667,62,0.833,63.441,0.833,60.3,0.796
90145326,1112W06,SP23,Control,0.182,74.761,0,57.333,0.083,89.167,0.088,73.5,0.069
28354156,1112W06,SP23,Control,0.273,58.064,0,58.333,0,89.124,0.091,74.7,0.076
85612801,1112W06,SP23,Control,0.182,80.927,0.333,86.667,0.667,84.274,0.394,92.6,0.365
61245875,1112W06,SP23,Control,0.364,72.07,0,64.667,0.5,80.802,0.288,78.6,0.212
47110618,1112W06,SP23,Control,0.091,88.935,0,76,0,93.077,0.03,89.5,0.025
76969414,1112W06,SP23,Control,0.091,76.071,0.333,79.333,0,98.109,0.141,91,0.192
22915127,1112W06,SP23,Control,0.727,18.656,0,87.333,0.083,89.444,0.27,70.7,0.221
60161721,1112W06,SP23,Control,0.273,67.715,0,89.333,0,97.223,0.091,93.8,0.076
33276465,1112W06,SP23,Control,0.364,82.829,0.667,76.333,0.333,96.944,0.455,87.8,0.508
24437010,1112W06,SP23,Control,0.182,91.896,0,88,0,96.582,0.061,96.4,0.051
41215779,1112W06,SP23,Control,0.091,85.95,0,66,0,85.77,0.03,80.8,0.025
42832779,1112W06,SP23,Control,0.182,74.807,0.333,75.667,0.167,89.829,0.227,84.7,0.254
65275910,1112W06,SP23,Control,0.182,71.497,0,92.667,0,93.333,0.061,94.1,0.051
52959995,1112W06,SP23,Control,0.091,66.798,0,76.667,0,93.857,0.03,83.6,0.025
86335295,1112W06,SP23,Control,0.091,98.236,0,94,0,97.778,0.03,98.4,0.025
74758141,1112W06,SP23,Control,0.364,69.489,0.667,72,0.333,75.523,0.455,82.9,0.508
13023755,1112W06,SP23,Control,0.091,59.408,0,90,0.083,92.885,0.058,90.7,0.044
15556906,1112W06,SP23,Control,0.182,69.545,0,71.167,0.083,89.359,0.088,80.5,0.069
77139942,1112W06,SP23,Control,0.273,72.51,0.333,47.333,0.583,85.973,0.396,76.3,0.372
89812051,1112W06,SP23,Control,0.091,83.295,0,74.667,0,95.941,0.03,86.6,0.025
96080909,1112W06,SP23,Control,0.182,79.115,0.333,74.5,0,94.221,0.172,85.7,0.217
14126430,1112W06,SP23,Control,0.091,88.246,0,92,0,97.5,0.03,97.6,0.025
27243195,1112W06,SP23,Control,0.182,89.599,0,88,0.083,90.833,0.088,97.9,0.069
84291086,1112W06,SP23,Control,0.364,80.548,0.667,50,0.667,90.802,0.566,71,0.582
13352486,1112W06,SP23,Control,0.091,93.652,0,86,0,98.75,0.03,96.2,0.025
4080145,1112W06,SP23,Control,0.091,90.901,0,75.333,0,88.333,0.03,88.8,0.025
56458365,1112W06,SP23,Control,0.091,93.194,0.333,81.333,0.167,89.744,0.197,85.1,0.229
11284708,1112W06,SP23,Control,0.091,98.707,0,88.667,0,92.33,0.03,97.3,0.025
84423582,1112W06,SP23,Control,0.273,74.532,0.333,74,0.333,80.694,0.313,84.9,0.316
76333236,1112W06,SP23,Control,0.273,75.9,0,67.167,0.333,95.417,0.202,80.9,0.15
78461695,1112W06,SP23,Control,0.273,85.473,0,86,0.333,87.052,0.202,93.7,0.15
18234476,1112W06,SP23,Control,0.091,92.862,0,90,0.167,100,0.086,96,0.062
1645791,1112W06,SP23,Control,0.273,77.9,0,64.667,0.333,92.938,0.202,79.5,0.15
36225628,1112W06,SP23,Control,0.091,98.346,0,96,0.167,96.389,0.086,101.3,0.062
57542393,1112W06,SP23,Control,0.364,42.293,0,71.333,0.5,74.573,0.288,72.5,0.212
23365225,1112W06,SP23,Control,0.273,95.105,0.333,93.333,0.25,99.028,0.285,99.8,0.298
22559203,1112W06,SP23,Control,0.545,65.859,0.333,59.333,0.583,61.581,0.487,70.6,0.448
574695,1112W06,SP23,Control,0.636,70.28,0,75,0.583,97.639,0.407,82.9,0.306
24373219,1112W06,SP23,Control,0.091,86.732,0,69,0.167,90.021,0.086,84.8,0.062
39465265,1112W06,SP23,Control,0.091,83.041,0.667,57.333,0.333,92.191,0.364,79.5,0.433
15465020,1112W06,SP23,Control,0.091,89.531,0.333,94.667,0.167,94.135,0.197,98.7,0.229
5103816,1112W06,SP23,Control,0.182,78.405,0.333,57.167,0.167,92.415,0.227,80.6,0.254
6034413,1112W06,SP23,Control,0.182,82.465,0,94.667,0.25,87.223,0.144,96.7,0.106
11807348,1112W06,SP23,Control,0.636,30.909,0.667,42.667,0.667,65,0.657,52.9,0.658
99389010,1113W04,SP23,Control,1,86.72,,,1,90.56,1,89.42,0.91
75962288,1113W04,SP23,Control,0.778,70.36,,,0.667,84.44,0.722,76.91,0.651
11768351,1113W04,SP23,Control,0.222,82.59,,,0,84.44,0.111,67.943,0.089
89896382,1113W04,SP23,Control,0.222,78.31,,,0,86.11,0.111,83.278,0.089
40025766,1113W04,SP23,Control,0,54,,,0,86.67,0,68.798,0
64443175,1113W04,SP23,Control,0,80.64,,,0.333,85,0.167,83.108,0.17
47546297,1113W04,SP23,Control,0,45.35,,,0,93.89,0,85.781,0
13535556,1113W04,SP23,Control,0,89.7,,,0,88.33,0,71.59,0
67608549,1113W04,SP23,Control,0,0,,,0,90,0,89.878,0
44222401,1113W04,SP23,Control,0.444,54.69,,,0.333,94.44,0.389,94.768,0.348
38581857,1113W04,SP23,Control,0,88.06,,,0.333,97.22,0.167,95.598,0.17
54332564,1113W04,SP23,Control,0.889,92.54,,,0.333,27.78,0.611,31.135,0.526
76161303,1113W04,SP23,Control,0.222,92.61,,,0.333,95,0.278,92.822,0.259
64800350,1113W04,SP23,Control,0.111,79.27,,,0,86.67,0.056,86.259,0.044
82309104,1113W04,SP23,Control,0.111,67.25,,,0,87.22,0.056,79.685,0.044
70066034,1113W04,SP23,Control,0.222,84.25,,,0.333,88.89,0.278,90.153,0.259
88364863,1113W04,SP23,Control,0.778,84.06,,,0.333,98.33,0.556,97.092,0.481
31853172,1113W04,SP23,Control,0.444,94.86,,,0,92.78,0.222,89.352,0.178
57973430,1113W04,SP23,Control,0.778,91.31,,,0.667,86.67,0.722,85.671,0.651
5343848,1113W04,SP23,Control,0.111,90,,,0,30.56,0.056,54.573,0.044
84871956,1113W04,SP23,Control,0.111,73,,,0,88.89,0.056,89.496,0.044
49038292,1113W04,SP23,Control,0.111,82.65,,,0,88.33,0.056,91.093,0.044
90415551,1113W04,SP23,Control,0.111,90.48,,,0,85.56,0.056,84.118,0.044
15251695,1113W04,SP23,Control,0.333,88.11,,,0,91.67,0.167,90.149,0.133
89376221,1113W04,SP23,Control,0.111,75.92,,,0,88.89,0.056,86.109,0.044
8883436,1113W04,SP23,Control,0.111,68.13,,,0.333,95,0.222,77.434,0.214
55486179,1113W04,SP23,Control,0.333,87.48,,,0,89.44,0.167,77.817,0.133
49124443,1113W04,SP23,Control,0.111,72.46,,,0,79.44,0.056,79.224,0.044
19847156,1113W04,SP23,Control,0,86.45,,,0,92.78,0,86.454,0
23773805,1113W04,SP23,Control,0.111,82.84,,,0.333,86.11,0.222,87.007,0.214
8924083,1113W04,SP23,Control,0,73.4,,,0,85.56,0,80,0
67933514,1113W04,SP23,Control,0.556,83.45,,,0.333,88.89,0.444,90.524,0.392
71477889,1113W04,SP23,Control,0.222,79.96,,,0.333,86.67,0.278,86.374,0.259
32021206,1113W04,SP23,Control,0,90.96,,,0,91.67,0,90.994,0
56008512,1113W04,SP23,Control,0,88.43,,,0.333,96.11,0.167,94.402,0.17
41521340,1113W04,SP23,Control,0.111,83.22,,,0.333,92.78,0.222,85.245,0.214
80716563,1113W04,SP23,Control,0.444,91.5,,,0.667,91.67,0.556,89.449,0.518
743134,1113W04,SP23,Control,0.222,35.67,,,0.333,58.33,0.278,70.734,0.259
44410541,1113W04,SP23,Control,0.444,87.91,,,0.333,91.11,0.389,87.947,0.348
89561144,1113W04,SP23,Control,0.444,81.89,,,0.667,86.11,0.556,90.442,0.518
8073053,1113W04,SP23,Control,0,73.15,,,0.333,0,0.167,0,0.17
63598826,1113W04,SP23,Control,0.889,81.55,,,1,72.22,0.944,63.734,0.866
35727569,1113W04,SP23,Control,0,78.71,,,1,72.22,0.5,72.158,0.51
96070385,1112-02,SP23,Test,0.875,76.25,1,85,1,76,0.958,79.767,0.909
64252704,1112-02,SP23,Test,1,96.875,1,90,1,82,1,91.333,1
12073626,1112-02,SP23,Test,0.5,81.563,0,90,1,87,0.5,73.233,0.5
66924478,1112-02,SP23,Test,0,115,0,80,1,78,0.333,88.333,0.136
9542990,1112-02,SP23,Test,1,86.719,1,67.5,1,97,1,91.917,1
95897716,1112-02,SP23,Test,0,109.531,1,75,1,69,0.667,81.133,0.273
98533690,1112-02,SP23,Test,0.625,115.469,1,85,1,91,0.875,93.133,0.727
98494074,1112-02,SP23,Test,0.125,96.25,0,72.5,0,76,0.042,82.517,0.091
57375788,1112-02,SP23,Test,0,106.875,0,57.5,0,82,0,82.883,0
45112744,1112-02,SP23,Test,0.5,105.781,0,85,0,84,0.167,90.967,0.364
47259144,1112-02,SP23,Test,0.5,110.156,0,80,0,90,0.167,77.867,0.364
66924478,1112-02,SP23,Test,0,115,0,80,0,85,0,92.767,0
57503053,1112-02,SP23,Test,0.375,115.469,0,87.5,0,77,0.125,93.717,0.273
2536103,1112-02,SP23,Test,0.125,96.719,0,67.5,0,76,0.042,83.283,0.091
49131110,1112-02,SP23,Test,0.125,107.188,0,77.5,0,72,0.042,88.883,0.091
60616094,1112-02,SP23,Test,0.25,105.156,0,82.5,0,85,0.083,87.617,0.182
20448620,1112-02,SP23,Test,0.125,95.781,0,62.5,0,78,0.042,72.85,0.091
79242350,1112-02,SP23,Test,0,87.5,0,87.5,0,51,0,73.517,0
84837815,1112-02,SP23,Test,0.625,111.406,0,75,0,84,0.208,88.767,0.455
35255050,1112-02,SP23,Test,0.125,111.25,0,62.5,0,66,0.042,84.65,0.091
41006688,1112-02,SP23,Test,0,110,0,85,0,76,0,81.3,0
46149044,1112-02,SP23,Test,0,98.281,0,62.5,0,72,0,78.25,0
61769626,1112-02,SP23,Test,0.125,85,0,85,0,85,0.042,73.133,0.091
59059507,1112-02,SP23,Test,0,120.313,0,75,0,86,0,87.1,0
22092636,1112-02,SP23,Test,0.125,119.063,0,77.5,0,83,0.042,92.85,0.091
48761516,1112-02,SP23,Test,0.375,112.656,0,80,0,79,0.125,88.767,0.273
34754151,1112-02,SP23,Test,0,114.375,0,87.5,0,81,0,91.05,0
25378165,1112-02,SP23,Test,0.625,109.375,0,90,0,84,0.208,90.733,0.455
95147185,1112-02,SP23,Test,0,107.031,0,80,0,76,0,81.867,0
35200647,1112-02,SP23,Test,0.125,76.25,0,65,0,83,0.042,53.8,0.091
16424423,1112-02,SP23,Test,0.5,98.75,0,95,0,84,0.167,94.033,0.364
62766368,1112-02,SP23,Test,0,115.469,0,97.5,0,85,0,97.717,0
61001346,1112-02,SP23,Test,0.375,114.375,0,85,0,74,0.125,91.1,0.273
72684389,1112-02,SP23,Test,0,123.594,0,95,0,80,0,89.233,0
32222286,1112-02,SP23,Test,0.125,102.5,0,52.5,0,79,0.042,73.55,0.091
94693385,1112-02,SP23,Test,0,113.594,0,85,0,78,0,91.1,0
31675951,1112-02,SP23,Test,0,96.875,0,92.5,0,93,0,90.017,0
33450332,1112-02,SP23,Test,0.25,110.938,0,80,0,82,0.083,82.8,0.182
39775440,1112-02,SP23,Test,0,99.688,0,67.5,0,70,0,79.283,0
16241317,1112-02,SP23,Test,0.25,95.469,1,80,0,74,0.417,80.333,0.318
62554111,1112-02,SP23,Test,0.25,55.469,0,82.5,0,0,0.083,39.317,0.182
99849355,1112-02,SP23,Test,0.25,108.906,1,92.5,0,92,0.417,90.517,0.318
95147185,1112-02,SP23,Test,0,107.031,1,85,0,79,0.333,70.333,0.136
63861467,1112-02,SP23,Test,0.25,107.656,0,90,0,90,0.083,92.333,0.182
3067176,1112-02,SP23,Test,0,111.406,0,75,0,79,0,85.667,0
74537048,1112-02,SP23,Test,0,114.531,1,92.5,0,93,0.333,91.417,0.136
90345579,1112-02,SP23,Test,0.25,107.5,0,67.5,0,85,0.083,80.65,0.182
69365747,1112-02,SP23,Test,0,91.719,0,0,0,85,0,62.567,0
58640795,1112-02,SP23,Test,0,115.156,0,82.5,0,90,0,91.25,0
60329243,1112-02,SP23,Test,0,117.656,0,87.5,0,100,0,97.75,0
91971105,1112-02,SP23,Test,0.375,91.875,0,82.5,0,93,0.125,92.217,0.273
21684677,1112-02,SP23,Test,0,101.875,1,75,0,83,0.333,79.067,0.136
44706721,1112-02,SP23,Test,0.5,100,1,77.5,0,80,0.5,77.817,0.5
87396698,1112-02,SP23,Test,0.125,112.813,0,80,0,94,0.042,92,0.091
39224715,1112-02,SP23,Test,0.5,72.5,0,80,0,92,0.167,72.333,0.364
30353765,1112-02,SP23,Test,0.125,93.125,0,62.5,0,73,0.042,88.217,0.091
34094057,1112-02,SP23,Test,0.625,114.844,1,80,0,0,0.542,70.467,0.591
506865,1112-02,SP23,Test,0.5,114.375,1,72.5,0,86,0.5,85.05,0.5
58949725,1112-02,SP23,Test,0.5,106.25,1,87.5,0,79,0.5,88.717,0.5
76642975,1112-02,SP23,Test,0.25,43.594,0,47.5,0,0,0.083,24.75,0.182
48489228,1112-02,SP23,Test,0.25,92.813,0,87.5,0,92,0.083,83.883,0.182
78853955,1112-02,SP23,Test,0.125,111.875,0,82.5,0,76,0.042,90.85,0.091
10273396,1112-02,SP23,Test,0,54.063,0,0,0,0,0,29,0
18151441,1112-02,SP23,Test,0.375,99.531,1,62.5,0,87,0.458,88.417,0.409
1901259,1112-02,SP23,Test,0.125,106.25,0,85,0,69,0.042,89.467,0.091
77995007,1112-02,SP23,Test,0.125,115.625,0,92.5,0,81,0.042,93.75,0.091
54310332,1112-02,SP23,Test,0.75,96.875,0,75,0,88,0.25,87.633,0.545
23871770,1112-02,SP23,Test,0.25,112.656,1,85,0,75,0.417,77.2,0.318
66924478,1112-02,SP23,Test,0,115,0,67.5,0,93,0,92.383,0
45217218,1112-02,SP23,Test,0.375,99.219,1,72.5,0,73,0.458,88.95,0.409
87168825,1112-02,SP23,Test,0,109.063,0,75,1,74,0.333,88.167,0.136
23253907,1112-02,SP23,Test,0.25,34.688,0,0,1,0,0.417,12,0.318
8894372,1112-02,SP23,Test,0,116.094,0,80,1,83,0.333,91.967,0.136
15813722,1112-02,SP23,Test,0.125,113.75,0,95,1,100,0.375,95.7,0.227
16955017,1112-02,SP23,Test,0.75,83.281,0,80,1,93,0.583,92.833,0.682
31006126,1112-02,SP23,Test,0.375,108.75,0,72.5,1,76,0.458,61.25,0.409
33994646,1112-02,SP23,Test,0.625,98.281,0,57.5,1,69,0.542,86.25,0.591
22221888,1112-02,SP23,Test,0.5,97.813,0,80,1,69,0.5,90.433,0.5
48997008,1112-02,SP23,Test,0.5,104.688,1,77.5,1,76,0.833,78.35,0.636
44706721,1112-02,SP23,Test,0.5,100,1,77.5,1,83,0.833,91.917,0.636
12564954,1112-02,SP23,Test,0.25,112.344,1,80,1,67,0.75,88.767,0.455
60991240,1112-02,SP23,Test,0,106.719,0,67.5,1,80,0.333,86.483,0.136
64597391,1112-02,SP23,Test,0.375,111.875,0,72.5,1,85,0.458,89.75,0.409
20416479,1112-02,SP23,Test,0.125,112.031,1,42.5,1,83,0.708,84.55,0.364
89655339,1112W04,SP23,Control,0.625,61.5,1,0,1,70,0.875,59.8,0.727
66372552,1112W04,SP23,Control,0,94.875,0,90,0,80,0,94.267,0
90009218,1112W04,SP23,Control,0,83,0,70,0,73.333,0,78.267,0
71651239,1112W04,SP23,Control,0,86.5,0,72.5,0,70,0,87.05,0
85823815,1112W04,SP23,Control,0,85.75,0,85,0,70,0,87.567,0
32872729,1112W04,SP23,Control,0.625,68.5,0,77.5,0,73.333,0.208,71.617,0.455
884357,1112W04,SP23,Control,0.5,48.875,0,80,0,33.333,0.167,44.067,0.364
27314505,1112W04,SP23,Control,0,88.75,0,80,0,83.333,0,90,0
24470257,1112W04,SP23,Control,0.125,88.5,0,85,0,76.667,0.042,89.7,0.091
98389231,1112W04,SP23,Control,0,72.5,0,57.5,0,63.333,0,64.083,0
91687990,1112W04,SP23,Control,0,90.625,0,85,0,73.333,0,89.833,0
80973698,1112W04,SP23,Control,0,82.375,0,67.5,0,83.333,0,85.683,0
4215724,1112W04,SP23,Control,0.125,94.625,0,85,0,90,0.042,94.3,0.091
73643734,1112W04,SP23,Control,0.875,77.875,0,80,0,93.333,0.292,78.867,0.636
51452599,1112W04,SP23,Control,0.125,91.375,0,70,0,66.667,0.042,88.067,0.091
18780536,1112W04,SP23,Control,0.125,92.875,0,85,0,90,0.042,93.7,0.091
86874227,1112W04,SP23,Control,0,88.5,0,87.5,0,86.667,0,90.95,0
19162959,1112W04,SP23,Control,0,88.625,0,82.5,0,76.667,0,89.85,0
43154798,1112W04,SP23,Control,0,82.75,0,80,0,81.667,0,86.967,0
20484033,1112W04,SP23,Control,0,92.375,0,85,0,83.333,0,92.433,0
86621210,1112W04,SP23,Control,0.125,90.375,0,90,0,83.333,0.042,92.2,0.091
66152916,1112W04,SP23,Control,0,93.75,0,77.5,0,80,0,92.083,0
5244422,1112W04,SP23,Control,0.125,91.25,0,75,0,86.667,0.042,91.167,0.091
69738472,1112W04,SP23,Control,0.25,93.5,0,75,0,96.667,0.083,93.367,0.182
2925290,1112W04,SP23,Control,0.375,89.625,0,87.5,0,90,0.125,91.883,0.273
48383929,1112W04,SP23,Control,0,96.375,0,85,0,80,0,93.233,0
57032802,1112W04,SP23,Control,0.125,95,0,90,0,93.333,0.042,88.667,0.091
9346240,1112W04,SP23,Control,0,88.25,0,75,0,73.333,0,88.233,0
38010801,1112W04,SP23,Control,0.75,71.875,0,87.5,0,83.333,0.25,81.75,0.545
90009218,1112W04,SP23,Control,0,83,0,75,0,66.667,0,84.1,0
37617430,1112W04,SP23,Control,0.125,85.375,0,40,0,43.333,0.042,67.2,0.091
35449552,1112W04,SP23,Control,0,89,0,57.5,0,83.333,0,88.217,0
14322406,1112W04,SP23,Control,0.125,89.125,0,77.5,0,83.333,0.042,89.95,0.091
14369597,1112W04,SP23,Control,0,91.625,0,87.5,0,90,0,92.95,0
74292239,1112W04,SP23,Control,0.375,66.5,0,85,0,90,0.125,79.3,0.273
25257010,1112W04,SP23,Control,0,87.75,0,77.5,0,60,0,86.883,0
17381403,1112W04,SP23,Control,0,85,0,72.5,0,70,0,85.917,0
88492471,1112W04,SP23,Control,0.125,94.25,0,82.5,0,80,0.042,92.85,0.091
59384130,1112W04,SP23,Control,0.5,89.25,0,87.5,0,80,0.167,84.35,0.364
85704173,1112W04,SP23,Control,0,89.125,0,90,0,86.667,0,91.867,0
31840941,1112W04,SP23,Control,0.125,92.5,0,80,0,80,0.042,92,0.091
21828276,1112W04,SP23,Control,0.125,91.625,0,87.5,0,73.333,0.042,91.283,0.091
21216827,1112W04,SP23,Control,0,92.25,0,75,0,93.333,0,92.7,0
47072609,1112W04,SP23,Control,0.375,94.625,0,72.5,0,76.667,0.125,85.383,0.273
5863829,1112W04,SP23,Control,0,84.5,0,85,0,66.667,0,80.233,0
40415463,1112W04,SP23,Control,0,92.875,0,85,0,83.333,0,92.7,0
48640422,1112W04,SP23,Control,1,12.5,0,70,0,73.333,0.333,41,0.727
52379790,1112W04,SP23,Control,0,91.25,0,87.5,0,80,0,92.083,0
9346240,1112W04,SP23,Control,0,88.25,0,82.5,0,70,0,88.65,0
37094324,1112W04,SP23,Control,0,87.375,0,82.5,0,86.667,0,90.183,0
62684507,1112W04,SP23,Control,0,84.25,0,65,0,83.333,0,86.1,0
89686081,1112W04,SP23,Control,0.125,80.75,0,80,0,86.667,0.042,72.733,0.091
56464299,1112W04,SP23,Control,0.125,77.25,0,85,0,76.667,0.042,83.7,0.091
5244422,1112W04,SP23,Control,0.125,91.25,0,70,0,70,0.042,89,0.091
20818928,1112W04,SP23,Control,0.875,80.375,0,80,0,90,0.292,86.533,0.636
49263956,1112W04,SP23,Control,0.375,87.125,0,77.5,0,63.333,0.125,86.883,0.273
59404177,1112W04,SP23,Control,0.125,95.375,0,80,0,80,0.042,93.533,0.091
95081499,1112W04,SP23,Control,0.25,95,0,80,0,83.333,0.083,87,0.182
85823815,1112W04,SP23,Control,0,85.75,0,75,0,70,0,86.9,0
80497261,1112W04,SP23,Control,0.875,64.5,0,77.5,0,73.333,0.292,76.15,0.636
1141171,1112W04,SP23,Control,0.125,92.25,0,72.5,0,93.333,0.042,92.117,0.091
29238140,1112W04,SP23,Control,0.625,91.5,0,82.5,0,80,0.208,91.717,0.455
55348904,1112W04,SP23,Control,0.5,72.875,0,90,1,90,0.5,76.867,0.5
31840941,1112W04,SP23,Control,0.125,92.5,1,82.5,1,90,0.708,93.25,0.364
71923459,1112W04,SP23,Control,0.75,83.5,1,77.5,1,80,0.917,86.617,0.818
82677266,1112W04,SP23,Control,0.25,90.625,1,82.5,1,90,0.75,91.25,0.455
86407167,1112W04,SP23,Control,0,94.25,1,70,1,80,0.667,91.6,0.273
13153925,1112W04,SP23,Control,0.5,95,1,77.5,1,86.667,0.833,93.417,0.636
79491686,1112W04,SP23,Control,0.5,79.75,1,75,1,0,0.833,70.033,0.636
36816087,1112W04,SP23,Control,0.375,66.375,1,77.5,1,80,0.792,70.817,0.545
19337384,1112W04,SP23,Control,0.5,76.875,1,77.5,1,86.667,0.833,77.417,0.636
72918276,1112W04,SP23,Control,0.25,92.875,1,87.5,1,83.333,0.75,93.283,0.455
7293442,1112W04,SP23,Control,0.5,72.5,1,72.5,1,80,0.833,67.25,0.636
83669831,1112W04,SP23,Control,0.75,75.5,1,90,1,96.667,0.917,85.267,0.818
89502055,1112W04,SP23,Control,0.375,90.375,1,87.5,1,73.333,0.792,84.283,0.545
93421161,1112W04,SP23,Control,0,85.875,1,72.5,1,80,0.667,87.383,0.273
74157265,1112W04,SP23,Control,0.875,28.125,1,82.5,1,0,0.958,36.583,0.909
53286849,1112W04,SP23,Control,0.625,72.625,1,87.5,1,90,0.875,76.483,0.727
28834322,1112W04,SP23,Control,0.75,29.375,1,65,1,0,0.917,35.5,0.818
96272747,1112W04,SP23,Control,0.5,64.75,1,50,1,76.667,0.833,73.533,0.636
88638398,1112W04,SP23,Control,0.5,56,1,75,1,80,0.833,65.367,0.636
91893193,1113W05,SP23,Test,0.5,53.032,0.375,53.826,0.625,20.069,0.5,34,0.55
92320412,1113W05,SP23,Test,0.5,55.232,0.875,2.097,1,0,0.792,14,0.875
59434717,1113W05,SP23,Test,0.125,96.893,0.125,100,0.125,96.223,0.125,97.70533333,0.125
59851916,1113W05,SP23,Test,0.125,79.905,0.125,100,0.125,79.671,0.125,88,0.125
40939970,1113W05,SP23,Test,0.75,68.097,0.5,52.991,0.125,71.451,0.458,67,0.325
28992691,1113W05,SP23,Test,0.75,25.108,0.875,8.042,1,0,0.875,10,0.925
98155712,1113W05,SP23,Test,0.25,99.104,0.125,100,0.25,78.657,0.208,90,0.225
72796471,1113W05,SP23,Test,0.375,96.823,0,100,0.25,89.429,0.208,96,0.225
80338474,1113W05,SP23,Test,0,98.672,0,100,0,90.571,0,97,0
95598464,1113W05,SP23,Test,0.375,74.327,0.125,100,0,88.274,0.167,91,0.1
14051160,1113W05,SP23,Test,0,100,0,100,0,86.286,0,97,0
1753077,1113W05,SP23,Test,0,83.315,0,100,0,95.937,0,97,0
17470799,1113W05,SP23,Test,0.125,70.997,0.125,100,0.25,58.857,0.167,72,0.2
14051160,1113W05,SP23,Test,0,100,0,100,0,84,0,93,0
43810771,1113W05,SP23,Test,0,79.762,0,100,0,78.289,0,87,0
57922040,1113W05,SP23,Test,0,83.957,0.125,100,0,94.286,0.042,97,0.025
29397642,1113W05,SP23,Test,0,56.767,0,100,0,66.563,0,72,0
14051160,1113W05,SP23,Test,0,100,0.125,82.916,0.125,84.32,0.083,90,0.1
14051160,1113W05,SP23,Test,0,100,0,100,0,92.129,0,99,0
14051160,1113W05,SP23,Test,0,100,0,100,0,88.306,0,97,0
80672488,1113W05,SP23,Test,0.375,81.243,0.25,73.525,0.125,80.734,0.25,80,0.2
60139209,1113W05,SP23,Test,0.125,80.68,0,100,0,90.286,0.042,94,0.025
12806130,1113W05,SP23,Test,0.375,91.138,0.25,97.107,0.125,87.62,0.25,93,0.2
89690808,1113W05,SP23,Test,0,95.819,0.25,71.429,0.125,84.797,0.125,88,0.125
47191950,1113W05,SP23,Test,0.125,98.803,0.125,100,0,86.911,0.083,95,0.05
73615015,1113W05,SP23,Test,0.375,98.078,0.375,85.586,0.625,73.4,0.458,85,0.525
96032559,1113W05,SP23,Test,0.125,84.654,0,100,0,96.763,0.042,96,0.025
91392139,1113W05,SP23,Test,1,80.904,0.375,96.718,0.25,71.02,0.542,79,0.425
89237646,1113W05,SP23,Test,0.75,100,0.75,47.489,0,93.714,0.5,89,0.3
53758427,1113W05,SP23,Test,0.5,81.066,0.875,50.03,0.625,77.451,0.667,75,0.65
95232725,1113W05,SP23,Test,0.125,100,0,100,0.125,69.971,0.083,83,0.1
65045446,1113W05,SP23,Test,0.125,99.524,0.375,59.494,0.125,74.351,0.208,79,0.175
84678351,1113W05,SP23,Test,0.125,99.133,0.375,85.96,0.125,80.511,0.208,88,0.175
95232725,1113W05,SP23,Test,0.125,100,0,100,0,92.571,0.042,100,0.025
83476480,1113W05,SP23,Test,0,93.267,0,100,0,76.32,0,89,0
22982857,1113W05,SP23,Test,0.125,98.649,0,87.811,0.125,68.689,0.083,81,0.1
27098442,1113W05,SP23,Test,0.75,95.503,0.25,82.22,0.125,51.834,0.375,70,0.275
96155699,1113W05,SP23,Test,0.5,96.277,0.375,71.892,0.125,87.811,0.333,90,0.25
73672263,1113W05,SP23,Test,0.125,42.513,0.875,59.794,0.875,0,0.625,23,0.725
61739230,1113W05,SP23,Test,0.375,92.449,1,65.344,0.5,76.571,0.625,80,0.575
39669857,1113W07,SP23,Control,0,90.16,0,65.3,0,90.571,0,85.435,0
63303533,1113W07,SP23,Control,0.375,88.731,0.125,100,0,66,0.167,77.346,0.1
3350165,1113W07,SP23,Control,0.375,100,0.125,100,0.125,94.954,0.208,96.973,0.175
67683066,1113W07,SP23,Control,0.125,70.979,0.625,4.497,0.375,32.04,0.375,34.319,0.375
28403870,1113W07,SP23,Control,0.375,54.38,0.375,71.429,0.375,30.857,0.375,43.676,0.375
75860037,1113W07,SP23,Control,1,99.147,0,100,0,82.56,0.333,89.365,0.2
88799869,1113W07,SP23,Control,0.125,72.935,0,90.213,0,81.577,0.042,81.576,0.025
63859017,1113W07,SP23,Control,0.875,99.567,0,100,0,90.846,0.292,94.421,0.175
73683201,1113W07,SP23,Control,0,86.075,0.125,92.796,0.125,79.94,0.083,83.738,0.1
37261465,1113W07,SP23,Control,0,3.214,0.25,60.205,0.25,65.114,0.167,51.752,0.2
13555323,1113W07,SP23,Control,0,79.533,0,60.883,0,91.163,0,82.781,0
2641007,1113W07,SP23,Control,0,69.626,0,84.054,0.125,85.069,0.042,81.777,0.075
66896071,1113W07,SP23,Control,0.125,43.562,0.375,57.936,0.5,40,0.333,44.3,0.4
82796910,1113W07,SP23,Control,1,96.569,0,71.586,0,94.16,0.333,90.127,0.2
81688403,1113W07,SP23,Control,0.125,71.033,0,86.5,0,88.191,0.042,84.421,0.025
82409974,1113W07,SP23,Control,0,77.002,0,84.521,0.125,69.737,0.042,74.147,0.075
55892653,1113W07,SP23,Control,0,98.929,0,100,0,89.749,0,93.635,0
55815902,1113W07,SP23,Control,0.125,65.473,0.25,72.431,0.25,68.286,0.208,68.552,0.225
80530612,1113W07,SP23,Control,0.25,54.025,0.125,87.381,0.375,62.286,0.25,65.653,0.3
50249282,1113W07,SP23,Control,0,82.347,0,79.908,0.125,79.734,0.042,80.292,0.075
48701675,1113W07,SP23,Control,0.125,80.293,0,95.714,0,74.214,0.042,79.73,0.025
412330,1113W07,SP23,Control,0.25,99.58,0,100,0,71.226,0.083,82.651,0.05
79276905,1113W07,SP23,Control,0.375,82.87,0.125,100,0.25,74,0.25,80.974,0.25
90634989,1113W07,SP23,Control,0.125,63.799,0.5,11.151,0.25,71.114,0.292,57.659,0.275
28331108,1113W07,SP23,Control,0,68.027,0.125,92.792,0.25,44.857,0.125,59.078,0.175
81358015,1113W07,SP23,Control,0.125,78.222,0,100,0,72.02,0.042,78.856,0.025
83224545,1113W07,SP23,Control,0.625,87.248,0,100,0.125,84.306,0.25,88.033,0.2
4712473,1113W07,SP23,Control,0.25,83.988,0.125,77.556,0.125,68.857,0.167,73.623,0.15
23664929,1113W07,SP23,Control,0,95.768,0,96.543,0,86.466,0,90.341,0
56566271,1113W07,SP23,Control,0.25,93.014,0,93.095,0,92.857,0.083,92.936,0.05
76914290,1113W07,SP23,Control,0,71.72,0.25,73.657,0.25,43.429,0.167,55.133,0.2
21725486,1112W01,SU22,Control,0,100,0.25,87.5,0.25,52.25,0.166666667,79.91666667,0.045833333
15847331,1112W01,SU22,Control,0.375,100,0.25,100,0.375,30.5,0.333333333,76.83333333,0.120833333
8982264,1112W01,SU22,Control,0.25,100,0.125,97.5,0.625,32.75,0.333333333,76.75,0.135416667
72974096,1112W01,SU22,Control,0,55.55555556,0.125,87.5,0.25,58,0.125,67.01851852,0.041666667
88199127,1112W01,SU22,Control,0,91.66666667,0,100,0.375,43,0.125,78.22222222,0.05625
82595052,1112W01,SU22,Control,0.5,100,0.125,100,0.375,60.5,0.333333333,86.83333333,0.135416667
21725486,1112W01,SU22,Control,0,100,0.125,87.5,0.125,65.75,0.083333333,84.41666667,0.022916667
55081880,1112W01,SU22,Control,0.75,,0.125,85,0.375,53.75,0.416666667,46.25,0.172916667
61064095,1112W01,SU22,Control,0,94.44444444,0.125,100,0,69.75,0.041666667,88.06481481,0.004166667
23027337,1112W01,SU22,Control,0.125,77.77777778,0,97.5,0.125,64.75,0.083333333,80.00925926,0.0375
786481,1112W01,SU22,Control,0.375,30.55555556,0.625,50,0.25,48.25,0.416666667,42.93518519,0.114583333
2202574,1112W01,SU22,Control,0.5,52.77777778,0.375,62.5,0.375,50.5,0.416666667,55.25925926,0.14375
57821365,1112W01,SU22,Control,0.25,0,0.125,87.5,0.25,56,0.208333333,47.83333333,0.079166667
72955912,1112W01,SU22,Control,0.5,0,0.25,72.5,0.125,65,0.291666667,45.83333333,0.102083333
6127583,1112W01,SU22,Control,0.875,97.22222222,0.5,62.5,0.375,50,0.583333333,69.90740741,0.204166667
21725486,1112W01,SU22,Control,0,100,0,100,0.25,61.25,0.083333333,87.08333333,0.0375
21725486,1112W01,SU22,Control,0,100,0.125,87.5,0,59.75,0.041666667,82.41666667,0.004166667
98324622,1112W01,SU22,Control,0.625,100,0.375,75,0.125,64.25,0.375,79.75,0.125
33427684,1112W01,SU22,Control,0,86.11111111,0,100,0,71.25,0,85.78703704,0
28704597,1112W01,SU22,Control,0.5,44.44444444,0,100,0.375,41.25,0.291666667,61.89814815,0.13125
88199127,1112W01,SU22,Control,0,91.66666667,0,100,0.375,49,0.125,80.22222222,0.05625
82595052,1112W01,SU22,Control,0.5,100,0,100,0.25,55.25,0.25,85.08333333,0.1125
21725486,1112W01,SU22,Control,0,100,0,100,0.125,60.25,0.041666667,86.75,0.01875
39479544,1112W01,SU22,Control,0.125,100,0.75,25,0.25,48.75,0.375,57.91666667,0.08125
3555257,1112W01,SU22,Control,0,97.22222222,0.75,25,0.125,53.5,0.291666667,58.57407407,0.04375
53622927,1112W01,SU22,Control,0.375,80.55555556,0.375,62.5,0.25,52.75,0.333333333,65.26851852,0.10625
70459664,1112W01,SU22,Control,0.25,91.66666667,0,100,0,63.75,0.083333333,85.13888889,0.0375
49465371,1112W01,SU22,Control,0.25,94.44444444,0.125,87.5,0.375,47.75,0.25,76.56481481,0.097916667
3555257,1112W01,SU22,Control,0,97.22222222,0.5,50,0.25,51.25,0.25,66.15740741,0.054166667
3423795,1112W01,SU22,Control,0,33.33333333,0.25,87.5,0.5,40,0.25,53.61111111,0.083333333
21725486,1112W01,SU22,Control,0,100,0,100,0,63,0,87.66666667,0
69314289,1112W01,SU22,Control,0.5,97.22222222,0,100,0.25,51.5,0.25,82.90740741,0.1125
86114080,1112W01,SU22,Control,0.375,77.77777778,0.125,100,0.25,60,0.25,79.25925926,0.097916667
15428775,1112W05,SP22,Control,0.125,83.67299956,0.125,87.5,0.125,59,0.125,76.72433319,0.041666667
49520809,1112W05,SP22,Control,0.625,24.786075,0.375,75,0.125,65.25,0.375,55.012025,0.125
27638697,1112W05,SP22,Control,0.375,41.08129132,0.125,100,0.25,54.75,0.25,65.27709711,0.097916667
95477706,1112W05,SP22,Control,0.875,41.31323449,0.5,87.5,0.375,48,0.583333333,58.93774483,0.204166667
87645510,1112W05,SP22,Control,0.25,68.68895625,0.25,87.5,0.25,76.25,0.25,77.47965208,0.083333333
73651536,1112W05,SP22,Control,0,99.22094,0.125,87.5,0.25,65.5,0.125,84.07364667,0.041666667
96018671,1112W05,SP22,Control,0,85.76028985,0.125,87.5,0.125,75.25,0.083333333,82.83676328,0.022916667
43759483,1112W05,SP22,Control,0.125,90.6144225,0,100,0.25,69,0.125,86.53814083,0.05625
33079048,1112W05,SP22,Control,0.125,74.47521868,0.25,87.5,0.125,70.25,0.166666667,77.40840623,0.045833333
75752909,1112W05,SP22,Control,0.125,93.26404287,0.125,87.5,0,65.25,0.083333333,82.00468096,0.022916667
27977439,1112W05,SP22,Control,0.375,80.397925,0.375,62.5,0.5,65.25,0.416666667,69.38264167,0.14375
18320642,1112W05,SP22,Control,0,94.29365132,0.125,87.5,0.125,69,0.083333333,83.59788377,0.022916667
4579715,1112W05,SP22,Control,0.25,94.18053463,0.375,62.5,0.125,70,0.25,75.56017821,0.06875
62731481,1112W05,SP22,Control,0,96.32167919,0.25,87.5,0.625,33.75,0.291666667,72.52389306,0.102083333
74172207,1112W05,SP22,Control,0.625,80.26770007,0.25,75,0.25,58.5,0.375,71.25590002,0.139583333
2617068,1112W05,SP22,Control,0.125,91.5379275,0.375,65,0.75,28.25,0.416666667,61.59597583,0.14375
20530641,1112W05,SP22,Control,0.75,80.82552669,0,100,0.5,49.25,0.416666667,76.69184223,0.1875
69419473,1112W05,SP22,Control,0.625,64.6389839,0.125,100,0.375,62.25,0.375,75.6296613,0.154166667
29594617,1112W05,SP22,Control,0.125,48.64766,0.25,75,0.25,54.75,0.208333333,59.46588667,0.064583333
23537823,1112W05,SP22,Control,0.25,77.50848177,0.125,87.5,0.125,78,0.166666667,81.00282726,0.060416667
14823305,1112W05,SP22,Control,0,97.061965,0.25,87.5,0.5,39.75,0.25,74.770655,0.083333333
27457400,1112W05,SP22,Control,0,83.33881625,0,100,0.125,71.25,0.041666667,84.86293875,0.01875
25747482,1112W05,SP22,Control,0.25,61.842695,0.125,100,0,45,0.125,68.947565,0.041666667
29698210,1112W05,SP22,Control,0.625,37.91537765,0.25,100,0.125,64.75,0.333333333,67.55512588,0.120833333
86606273,1112W05,SP22,Control,0,95.44698919,0.125,87.5,0.25,68.5,0.125,83.81566306,0.041666667
98751288,1112W05,SP22,Control,0,93.34875831,0,100,0.125,76.25,0.041666667,89.86625277,0.01875
22622253,1112W05,SP22,Control,1,39.4783225,0,100,0.25,56.25,0.416666667,65.24277417,0.1875
21178361,1112W05,SP22,Control,0,79.88416831,0.375,84.375,0.125,72.25,0.166666667,78.83638944,0.03125
86755115,1112W05,SP22,Control,0,98.71794875,0.25,87.5,0.125,60.25,0.125,82.15598292,0.027083333
25886551,1112W05,SP22,Control,0,71.10775382,0.375,75,,30.5,0.125,58.86925127,0.0125
99077699,1112W05,SP22,Control,0.125,73.25408956,0,100,0.125,66.75,0.083333333,80.00136319,0.0375
4436508,1112W05,SP22,Control,0,89.88081677,0.375,62.5,0.125,65,0.166666667,72.46027226,0.03125
7413523,1112W05,SP22,Control,0.375,47.41484169,0.125,87.5,0.625,16.75,0.375,50.55494723,0.154166667
21975694,1112W05,SP22,Control,0,96.36543897,0,100,0,57.5,0,84.62181299,0
74962050,1112W05,SP22,Control,0,100,0.5,75,0.125,73.25,0.208333333,82.75,0.035416667
44997825,1112W05,SP22,Control,0.25,91.06333257,0.25,75,0.125,48.75,0.208333333,71.60444419,0.064583333
37806661,1112W05,SP22,Control,0,98.24325044,0.25,75,0.5,47.5,0.25,73.58108348,0.083333333
90694016,1112W08,FA22,Control,0.25,87.15277778,0,100,0.5,45,0.25,77.38425926,0.1125
56600831,1112W08,FA22,Control,0.375,73.87082887,0.625,87.5,0.375,59.25,0.458333333,73.54027629,0.133333333
35037490,1112W08,FA22,Control,0,92.47911507,0.125,87.5,0.125,70.25,0.083333333,83.40970502,0.022916667
32236396,1112W08,FA22,Control,0,87.77660753,0.125,87.5,0.125,56,0.083333333,77.09220251,0.022916667
69215960,1112W08,FA22,Control,0,67.05576625,0.25,75,0.375,54.5,0.208333333,65.51858875,0.064583333
47502808,1112W08,FA22,Control,0,78.72232873,0.125,87.5,0.375,44,0.166666667,70.07410958,0.060416667
26685892,1112W08,FA22,Control,0.75,16.03962418,0.375,87.5,0.375,47.75,0.5,50.42987473,0.18125
9070078,1112W08,FA22,Control,0.375,65.04967949,0.375,87.5,0.375,51,0.375,67.84989316,0.125
73051017,1112W08,FA22,Control,0,91.19552853,0.125,100,0.25,61.5,0.125,84.23184284,0.041666667
41259879,1112W08,FA22,Control,0.375,90.04058192,0.25,87.5,0,68,0.208333333,81.84686064,0.064583333
46281410,1112W08,FA22,Control,0.625,56.03418307,0.125,100,0,64.75,0.25,73.59472769,0.097916667
41205264,1112W08,FA22,Control,0,63.46837871,0.25,100,0.25,53.75,0.166666667,72.40612624,0.045833333
97350700,1112W08,FA22,Control,0.375,76.3941752,0.375,87.5,0.25,59.75,0.333333333,74.5480584,0.10625
41358631,1112W08,FA22,Control,0.625,51.40140741,0.25,87.5,0.125,60.75,0.333333333,66.55046914,0.120833333
35492168,1112W08,FA22,Control,0,79.568171,0.25,100,0.5,58.25,0.25,79.27272367,0.083333333
22829986,1112W08,FA22,Control,0.375,31.29588196,0,100,0.25,57.75,0.208333333,63.01529399,0.09375
82792714,1112W08,FA22,Control,0.125,94.40987934,0.5,75,0.25,57.25,0.291666667,75.55329311,0.072916667
11847712,1112W08,FA22,Control,0.375,76.00381176,0.375,87.5,0.5,59.25,0.416666667,74.25127059,0.14375
2603838,1112W08,FA22,Control,0.125,94.07702363,0.125,87.5,0.125,65.5,0.125,82.35900788,0.041666667
54123716,1112W08,FA22,Control,0,77.95502567,0.125,87.5,0.25,62,0.125,75.81834189,0.041666667
53675017,1112W08,FA22,Control,0,76.18432365,0.25,75,0.125,63.5,0.125,71.56144122,0.027083333
3366475,1112W08,FA22,Control,0.375,87.5,0.125,87.5,0.375,45.75,0.291666667,73.58333333,0.116666667
92958303,1112W08,FA22,Control,0.5,48.56048266,0.375,100,0.25,45.25,0.375,64.60349422,0.125
38278623,1112W08,FA22,Control,0,67.34204639,0.125,100,0.375,47.25,0.166666667,71.53068213,0.060416667
27120569,1112W08,FA22,Control,0,99.07403846,0.25,87.5,0.25,67.75,0.166666667,84.77467949,0.045833333
22010214,1112W08,FA22,Control,0.125,65.43423401,0.125,100,0.25,61.75,0.166666667,75.728078,0.060416667
48823318,1112W08,FA22,Control,0.25,75.64317976,0.125,100,0.125,68.5,0.166666667,81.38105992,0.060416667
59182921,1112W08,FA22,Control,0.875,56.0321902,0.25,87.5,0.25,59,0.458333333,67.51073007,0.177083333
85040256,1112W08,FA22,Control,0,86.49872225,0.25,87.5,0,70.75,0.083333333,81.58290742,0.008333333
25104157,1112W08,FA22,Control,0.375,61.56751112,0.125,87.5,0.25,52,0.25,67.02250371,0.097916667
28248053,1112W08,FA22,Control,0,98.07692308,0.375,75,0,71.25,0.125,81.44230769,0.0125
32385808,1112W08,FA22,Control,0.5,66.918256,0.5,75,0.375,58.25,0.458333333,66.722752,0.147916667
52182258,1112W08,FA22,Control,0,78.9417606,0.125,87.5,0.125,65.25,0.083333333,77.23058687,0.022916667
98961201,1112W08,FA22,Control,0.375,59.98410303,0.375,75,0.375,43.75,0.375,59.57803434,0.125
83376470,1112W08,FA22,Control,0.125,76.78035114,0.25,75,0.125,63,0.166666667,71.59345038,0.045833333
54848806,1112W08,FA22,Control,0,96.23868778,0.125,100,0.25,59.75,0.125,85.32956259,0.041666667
20451377,1112W08,FA22,Control,0.375,57.47014832,0.25,87.5,0.25,67,0.291666667,70.65671611,0.102083333
99031903,1112W08,FA22,Control,0.5,53.70490858,0.5,87.5,0.125,65.75,0.375,68.98496953,0.110416667
15502944,1112W08,FA22,Control,0.875,56.68859649,0,100,0.25,72.5,0.375,76.39619883,0.16875
15548858,1112W02,SU22,Test,0,82.54255856,0,100,0,71,0,84.51418619,0
63447374,1112W02,SU22,Test,0.375,74.75521997,0.125,100,0.5,44.25,0.333333333,73.00173999,0.135416667
19841952,1112W02,SU22,Test,0,88.57168658,0,100,0,73,0,87.19056219,0
65531784,1112W02,SU22,Test,0.75,36.47445794,1,100,0.13,67.5,0.626666667,67.99148598,0.165333333
19226991,1112W02,SU22,Test,0,87.7792948,0,100,0,85,0,90.9264316,0
60817925,1112W02,SU22,Test,0.75,51.56715389,0.375,100,0.13,27.25,0.418333333,59.60571796,0.1445
99731088,1112W02,SU22,Test,0,99.15559044,0,100,0,86,0,95.05186348,0
92090019,1112W02,SU22,Test,0,96.98152234,0,100,0.13,68.75,0.043333333,88.57717411,0.0195
60870133,1112W02,SU22,Test,0,67.12295537,0,100,0,54.25,0,73.79098512,0
87560546,1112W02,SU22,Test,0,96.65346882,0.25,100,0.13,77.25,0.126666667,91.30115627,0.027833333
66891479,1112W02,SU22,Test,0.375,43.82397256,0.375,87.5,0.13,55,0.293333333,62.10799085,0.08825
76200859,1112W02,SU22,Test,0.75,25.41036269,0.5,67.5,0.5,39.5,0.583333333,44.13678756,0.204166667
17791055,1112W02,SU22,Test,0,93.13708811,0,100,0,77.25,0,90.12902937,0
67348718,1112W02,SU22,Test,0.375,46.37351478,0.25,75,0.25,58.75,0.291666667,60.04117159,0.102083333
43798967,1112W02,SU22,Test,1,19.37697952,1,100,0.13,25,0.71,48.12565984,0.202833333
61530848,1112W02,SU22,Test,0.375,50.77527519,0.75,100,0,78,0.375,76.25842506,0.08125
13855117,1112W02,SU22,Test,0,82.63126797,1,0,0,78.25,0.333333333,53.62708932,0.033333333
78639352,1112W02,SU22,Test,0.125,60.74422898,0.125,100,0.25,74.25,0.166666667,78.33140966,0.060416667
75388357,1112W02,SU22,Test,0.5,72.73856782,0.375,100,0,69.5,0.291666667,80.74618927,0.0875
94924434,1112W02,SU22,Test,0.75,46.79487125,0.5,100,0.13,77,0.46,74.59829042,0.148666667
27828452,1112W02,SU22,Test,0,96.21197846,0,100,0,74,0,90.07065949,0
79982934,1112W02,SU22,Test,0,99.35897375,0.125,100,0,82.75,0.041666667,94.03632458,0.004166667
31439270,1112W02,SU22,Test,0,93.70974067,0,100,0,78.5,0,90.73658022,0
74562286,1112W02,SU22,Test,0.5,69.744907,0,100,0,81,0.166666667,83.58163567,0.075
71404642,1112W02,SU22,Test,0.375,75.96175459,0,100,0.25,74.75,0.208333333,83.57058486,0.09375
69657722,1112W02,SU22,Test,0.625,35.56100414,0.625,75,0.38,55,0.543333333,55.18700138,0.171583333
52377553,1112W02,SU22,Test,0.25,82.91767846,0.625,97.5,0,76,0.291666667,85.47255949,0.058333333
1683851,1112W02,SU22,Test,0.125,87.74589951,0,100,0,70.75,0.041666667,86.16529984,0.01875
53962655,1112W02,SU22,Test,0,92.97361064,0,100,0,76,0,89.65787021,0
6564483,1112W02,SU22,Test,0,68.32859886,0,100,0,73.5,0,80.60953295,0
90689216,1113W02,SU22,Control,1,39.01,0.285714286,100,0.625,62.08333333,0.64,65.05103067,0.632142857
65024594,1113W02,SU22,Control,0,100,0.142857143,85.71428571,0,91.66666667,0.05,92.14285714,0.028571429
65024594,1113W02,SU22,Control,0,100,0.285714286,85.71428571,0.125,85.41666667,0.14,88.39285714,0.132142857
65024594,1113W02,SU22,Control,0,100,0.428571429,71.42857143,0,83.75,0.14,84.53571429,0.085714286
76046754,1113W02,SU22,Control,0.63,88.7,0.285714286,85.71428571,0.25,77.08333333,0.39,81.13186544,0.332142857
65024594,1113W02,SU22,Control,0,100,0.142857143,100,0,87.08333333,0.05,92.25,0.028571429
65024594,1113W02,SU22,Control,0,100,0.142857143,100,0.125,91.25,0.09,94.75,0.103571429
71106684,1113W02,SU22,Control,0.25,68.52,0.142857143,100,0.125,81.66666667,0.17,82.70447461,0.153571429
14410318,1113W02,SU22,Control,1,62.64,0.142857143,100,0.25,86.25,0.46,84.27722474,0.378571429
84557121,1113W02,SU22,Control,0,96.57,0.142857143,100,0.125,87.5,0.09,91.81388889,0.103571429
10156643,1113W02,SU22,Control,0.13,100,0.142857143,100,0.5,85,0.26,91,0.353571429
65900736,1113W02,SU22,Control,1,82.3,0.142857143,100,0,82.5,0.38,85.96063977,0.228571429
94234612,1113W02,SU22,Control,0.75,61.21,0.285714286,71.42857143,0,89.16666667,0.35,80.02802198,0.207142857
9452010,1113W02,SU22,Control,0,96.95,0,100,0.5,86.25,0.17,91.14038462,0.3
13649045,1113W02,SU22,Control,0.25,99,0.142857143,85.71428571,0.125,93.33333333,0.17,92.94285714,0.153571429
46701124,1113W02,SU22,Control,1,95.39,0.428571429,100,0.5,62.91666667,0.64,76.82762066,0.585714286
54601664,1113W02,SU22,Control,0,97.96,0.285714286,71.42857143,0.125,86.25,0.14,85.62738095,0.132142857
97069163,1113W02,SU22,Control,0,91.66,0.142857143,100,0,83.75,0.05,88.58272373,0.028571429
60988314,1113W02,SU22,Control,0.13,90.24,0.428571429,71.42857143,0.125,79.58333333,0.23,80.08446366,0.185714286
64832324,1113W02,SU22,Control,0.13,85.75,0,100,0.625,90,0.25,91.14974233,0.4
22304166,1113W02,SU22,Control,0,96.2,0.142857143,100,0.125,82.5,0.09,88.73913399,0.103571429
70856809,1113W02,SU22,Control,0.75,46.68,0.571428571,85.71428571,0.375,82.5,0.57,75.97788731,0.489285714
65024594,1113W02,SU22,Control,0,100,0,100,0.75,21.66666667,0.25,53,0.45
20189758,1113W02,SU22,Control,0,90.97,0,100,0.125,83.75,0.04,88.44455128,0.075
27590660,1113W02,SU22,Control,0,88.07,0.142857143,85.71428571,0.75,21.66666667,0.3,47.75704769,0.478571429
59992436,1113W02,SU22,Control,0,99.69,0.428571429,57.14285714,0,89.58333333,0.14,85.11607143,0.085714286
20977737,1113W02,SU22,Control,0.63,85.04,0.142857143,88.21428571,0.25,84.16666667,0.34,85.15027293,0.303571429
27267677,1113W02,SU22,Control,0.25,91.42,0.428571429,71.42857143,0.75,20.83333333,0.48,45.06953153,0.585714286
20748025,1113W02,SU22,Control,1,0,0.285714286,71.42857143,0.375,85,0.55,65.28571429,0.482142857
65024594,1113W02,SU22,Control,0,100,0.142857143,100,0.625,74.16666667,0.26,84.5,0.403571429
84244160,1113W02,SU22,Control,0,93.29,0.142857143,86.07142857,0,91.25,0.05,90.62310296,0.028571429
68502662,1113W02,SU22,Control,0,74.6,0.285714286,95.35714286,0,77.91666667,0.1,80.74174029,0.057142857
97254884,1113W02,SU22,Control,0.5,61.34,0.285714286,100,0.5,83.75,0.43,82.51723228,0.457142857
65024594,1113W02,SU22,Control,0,100,0.142857143,85.71428571,0,87.5,0.05,89.64285714,0.028571429
52049764,1113W02,SU22,Control,0,58.15,0.142857143,100,0,89.16666667,0.05,85.13005907,0.028571429
61586845,1113W02,SU22,Control,0,88.35,0.142857143,100,0.125,82.5,0.09,87.17095902,0.103571429
65024594,1113W02,SU22,Control,0,100,0.428571429,71.42857143,0.125,78.75,0.18,81.53571429,0.160714286
2308583,1113W02,SU22,Control,0.88,29.44,0.714285714,100,0.25,79.16666667,0.61,73.3877451,0.467857143
4920982,1113W02,SU22,Control,0,99.31,0.428571429,100,0,90.83333333,0.14,94.36111111,0.085714286
29033137,1113W02,SU22,Control,0,96.99,0.428571429,85.71428571,0.25,87.08333333,0.23,88.79007937,0.235714286
77225558,1113W02,SU22,Control,0,77.56,0.142857143,96.42857143,0.125,82.5,0.09,84.29803832,0.103571429
53953753,1113W02,SU22,Control,0.13,86.06,0.142857143,100,0.125,83.75,0.13,87.46185897,0.128571429
86841343,1113W04,SP22,Control,0,83.82054424,0.375,57.32,0,83.75,0.075,78.47810885,0.13
83390548,1113W04,SP22,Control,0.13,96.20833333,0.5,48.38,0.38,85.83,0.35,80.41716667,0.33
43514393,1113W04,SP22,Control,0.5,66.17094017,0.25,65.2625,0.25,70.83,0.3,68.78543803,0.33
88733435,1113W04,SP22,Control,0,98.11111111,0,96.73375,0,85,0,89.96897222,0
89321145,1113W04,SP22,Control,0,96.36519608,0,92.3425,0,71.67,0,80.74128922,0
16982772,1113W04,SP22,Control,0.25,96.00735294,0.125,94.6425,0.25,82.08,0.225,87.38022059,0.21
92521325,1113W04,SP22,Control,0,97.98611111,0,87.5,0,85,0,88.09797222,0
98550998,1113W04,SP22,Control,0,85.29392911,0,100,0.13,79.58,0.075,84.80828582,0.04
77768215,1113W04,SP22,Control,0.25,96.6563914,0.125,68.36625,0,90.42,0.075,87.25502828,0.13
81368313,1113W04,SP22,Control,0.13,94.24896305,0,87.5,0,81.25,0.025,85.09904261,0.04
7693872,1113W04,SP22,Control,0.38,51.93108974,0.125,91.66625,0.63,29.58,0.475,46.46971795,0.38
41504622,1113W04,SP22,Control,1,62.97489316,0.375,61.69,0.25,78.33,0.425,71.93247863,0.54
65392548,1113W04,SP22,Control,0.38,95.77696078,0.125,100,0.25,79.58,0.25,86.90489216,0.25
88671442,1113W04,SP22,Control,0.38,65.05797511,0.25,57.115,0.13,92.5,0.2,79.93459502,0.25
23881227,1113W04,SP22,Control,0.5,66.76410885,0.5,28.25875,0.38,67.5,0.425,59.50457177,0.46
62496968,1113W04,SP22,Control,0,75.98557692,0,87.5,0,83.33,0,82.69511538,0
17496447,1113W04,SP22,Control,0.25,82.2091189,0.75,37.5,0.25,85.83,0.35,75.44207378,0.42
14862280,1113W04,SP22,Control,0,80.22184515,0,100,0,82.92,0,85.79486903,0
10263001,1113W04,SP22,Control,0,89.20801911,0.75,22.26625,0.13,72.5,0.225,65.79560382,0.29
63279969,1113W04,SP22,Control,0.63,21.68269231,0.25,75,0,77.5,0.175,65.83578846,0.29
18448896,1113W04,SP22,Control,1,11.39705882,0.5,38.6575,1,0,0.9,10.01091176,0.83
69582217,1113W04,SP22,Control,0.13,84.50776144,0,99.07875,0,72.92,0.025,80.46705229,0.04
4752914,1113W04,SP22,Control,0.38,86.30555556,0.125,91.21625,0,88.75,0.1,88.75361111,0.17
15968931,1113W04,SP22,Control,0.63,40.19026521,0.25,63.0075,0.88,47.08,0.7,48.88980304,0.58
20231964,1113W04,SP22,Control,0.25,94.93765712,0.5,49.9875,0,78.75,0.15,76.23503142,0.25
26761622,1113W04,SP22,Control,0,94.85375817,0.125,96.73375,0,86.25,0.025,90.06675163,0.04
33173944,1113W04,SP22,Control,0.38,69.18803419,0.125,79.63,0.88,10,0.625,35.76360684,0.46
19600217,1113W04,SP22,Control,0,98.41748366,0.125,78.9475,0,91.25,0.025,90.22299673,0.04
69985833,1113W04,SP22,Control,0.13,76.58977501,0.125,75,0,85.42,0.05,81.569205,0.08
63318396,1113W04,SP22,Control,0.25,78.54326923,0.125,72.5,0.25,51.25,0.225,60.95865385,0.21
74760728,1113W04,SP22,Control,1,12.5,0.625,25,1,0,0.925,7.5,0.88
77731018,1113W04,SP22,Control,0.13,86.89655606,0.625,37.5,0,94.17,0.15,81.37906121,0.25
1680030,1113W04,SP22,Control,0.13,79.90117521,0.375,51.0575,0.5,32.92,0.4,45.94073504,0.33
94390941,1113W04,SP22,Control,0.38,48.20041478,0.125,62.5,0.5,49.58,0.4,51.88958296,0.33
40159193,1113W04,SP22,Control,0.25,62.18099548,0.25,64.1,0.25,77.92,0.25,72.0066991,0.25
86213294,1113W04,SP22,Control,0.13,71.1292735,0,100,0,78.75,0.025,81.4751047,0.04
24827499,1113W04,SP22,Control,0,86.5,0,98.4375,0,69.17,0,78.48725,0
83005310,1113W04,SP22,Control,0.25,83.39209402,0.125,90.74125,0,81.25,0.075,83.5759188,0.13
38465679,1113W04,SP22,Control,0,97.67647059,0,71.1775,0,82.08,0,83.02104412,0
69011187,1113W04,SP22,Control,0,89.79468326,0.125,87.5,0,75.83,0.025,80.95843665,0.04
7661610,1113W01,SU22,Test,1,86.38,0.25,100,0.625,77.5,0.625,83.77674082,0.625
94971123,1113W01,SU22,Test,0,90.16,0.375,75,0,89.1675,0.125,86.53328029,0.075
88375246,1113W01,SU22,Test,0.625,64.8,0.375,83.75,0.125,90.835,0.375,84.21131926,0.275
97150854,1113W01,SU22,Test,0,100,0.25,100,0.25,91.25,0.166666667,94.75,0.2
80707789,1113W01,SU22,Test,0,99,0.375,65.3125,0,85.00125,0.125,83.86325,0.075
97150854,1113W01,SU22,Test,0,100,0.25,87.5,0.125,76.6675,0.125,83.5005,0.125
15383428,1113W01,SU22,Test,0.75,94.15,0.25,85.3125,0.5,64.5825,0.5,74.6412735,0.5
58045344,1113W01,SU22,Test,0.125,91.3,0.25,100,0.125,76.25,0.166666667,84.01023756,0.15
44132239,1113W01,SU22,Test,0.625,100,0,100,0.125,87.9175,0.25,92.7505,0.2
68351382,1113W01,SU22,Test,0,99.69,0.125,100,0.125,87.91625,0.083333333,92.68725,0.1
28040723,1113W01,SU22,Test,0.25,87.05,0,100,0,92.08375,0.083333333,92.66056297,0.05
97150854,1113W01,SU22,Test,0,100,0.25,100,0.125,76.6675,0.125,86.0005,0.125
17762920,1113W01,SU22,Test,0.625,89.28,0.375,75,0.375,76.665,0.458333333,78.85423504,0.425
5702517,1113W01,SU22,Test,0,88.65,0.25,87.5,0.25,79.58375,0.166666667,82.97930983,0.2
55288821,1113W01,SU22,Test,0.125,96.8,0.25,75,0,92.9175,0.125,90.11097009,0.075
92789162,1113W01,SU22,Test,0.125,95.99,0.375,87.5,0.375,74.585,0.291666667,81.44886325,0.325
24293148,1113W01,SU22,Test,0,88.95,0,100,0.125,77.5,0.041666667,84.28910885,0.075
33450104,1113W01,SU22,Test,0.375,91.28,0.125,100,0.25,80.4175,0.25,86.50594872,0.25
48294641,1113W01,SU22,Test,0,95.31,0.125,87.5,0.25,75.8325,0.125,82.06154751,0.175
97472765,1113W01,SU22,Test,0.75,81.01,0.25,100,0.5,74.5825,0.5,80.95193213,0.5
52072392,1113W01,SU22,Test,1,94.4,0.375,87.5,0.25,89.165,0.541666667,89.87897109,0.425
97150854,1113W01,SU22,Test,0,100,0.125,100,0.25,74.58375,0.125,84.75025,0.175
73984762,1113W01,SU22,Test,0.125,100,0.25,100,0.125,77.9175,0.166666667,86.7505,0.15
22869305,1113W01,SU22,Test,0.25,100,0.125,100,0.125,78.75,0.166666667,87.25,0.15
97150854,1113W01,SU22,Test,0,100,0,100,0.25,72.50125,0.083333333,83.50075,0.15
84612838,1113W01,SU22,Test,0.5,91.71,0.125,87.5,0.125,91.25125,0.25,90.59303255,0.2
80418610,1113W01,SU22,Test,0.75,94.7,0.125,87.5,0.25,84.165,0.375,86.93933434,0.325
73984762,1113W01,SU22,Test,0.125,100,0,100,0.25,85.41625,0.125,91.24975,0.175
59547721,1113W01,SU22,Test,0,94.34,0.25,87.5,0.25,84.58375,0.166666667,87.11830556,0.2
76315481,1113W01,SU22,Test,0,97.65,0.375,100,0.25,67.08375,0.208333333,79.77928469,0.225
16374345,1113W01,SU22,Test,0,90.62,0,100,0.375,83.3325,0.125,88.1231991,0.225
97150854,1113W01,SU22,Test,0,100,0.375,75,0.375,75.83125,0.25,80.49875,0.3
56872527,1113W01,SU22,Test,1,56.01,0.5,87.5,0.375,77.915,0.625,75.45043288,0.525
50284161,1113W01,SU22,Test,0.75,16.94,0.5,62.5,0.25,88.33375,0.5,68.8881585,0.4
93939508,1113W01,SU22,Test,0,96.6,0.375,100,0.125,89.5825,0.166666667,93.07033333,0.15
14830840,1113W01,SU22,Test,0,97.96,0.375,71.5625,0.125,77.91625,0.166666667,80.65391667,0.15
77055726,1113W01,SU22,Test,0.125,95.25,0.25,87.5,0.625,75.00125,0.333333333,81.55075,0.45
58799766,1113W01,SU22,Test,0,98.65,0.25,87.5,0,83.33375,0.083333333,87.23080556,0.05
97150854,1113W01,SU22,Test,0,100,0.125,100,0.375,79.99875,0.166666667,87.99925,0.25
47015204,1113W02,FA22,Test,0,99.5,0.5,55.6125,0,81.6675,0.1,80.023,0.166666667
75732056,1113W02,FA22,Test,0,77.26743967,0.25,78.365,0.125,87.0825,0.125,83.37598793,0.125
91551181,1113W02,FA22,Test,0.25,80.82066994,0.25,100,0.375,82.50125,0.325,85.66488399,0.291666667
95940822,1113W02,FA22,Test,0.25,48.29766843,0.5,59.16625,0.375,67.0825,0.375,61.74228369,0.375
711531,1113W02,FA22,Test,0.25,81.94444444,0.25,75,0.125,87.5,0.175,83.88888889,0.208333333
82927243,1113W02,FA22,Test,0,81.81168301,0.5,75.86,0.125,84.1675,0.175,82.0348366,0.208333333
57242655,1113W02,FA22,Test,0,97.74714052,0.25,77.36875,0.125,86.665,0.125,87.0221781,0.125
52710536,1113W02,FA22,Test,0.125,69.79942811,0.125,85.84125,0,88.33375,0.05,84.12838562,0.083333333
47977633,1113W02,FA22,Test,0,66.57849422,0.5,60.52625,0.5,78.33375,0.4,72.42119884,0.333333333
60464603,1113W02,FA22,Test,0,87.84615385,0,92.01625,0.125,86.25,0.075,87.72248077,0.041666667
47240380,1113W02,FA22,Test,0.25,89.01791101,0.375,79.60625,0.25,89.58375,0.275,87.4750822,0.291666667
37421126,1113W02,FA22,Test,0.125,96.17681624,0.125,97.63125,0,90.41625,0.05,93.01136325,0.083333333
74959952,1113W02,FA22,Test,0.25,67.89262821,0.125,87.5,0.375,76.665,0.3,77.07752564,0.25
28761333,1113W02,FA22,Test,0.375,98.95833333,0.25,88.3975,0.375,81.66625,0.35,86.47091667,0.333333333
62068613,1113W02,FA22,Test,0.625,47.74698341,0.625,74.30625,0.25,73.74875,0.4,68.65989668,0.5
62786779,1113W02,FA22,Test,0,91.90692559,0.125,87.5,0,84.1675,0.025,86.38188512,0.041666667
10786363,1113W02,FA22,Test,0.875,69.08587858,0.5,66.8275,0.25,78.335,0.425,74.18367572,0.541666667
11845947,1113W02,FA22,Test,0,71.394545,0.375,62.5,0,87.08375,0.075,79.029159,0.125
17994494,1113W02,FA22,Test,0.5,99.65277778,0.375,78.84625,0.375,81.25,0.4,84.44980556,0.416666667
57712302,1113W02,FA22,Test,0.625,69.04380342,0.25,70.41,0.875,21.66625,0.7,40.89051068,0.583333333
63167852,1113W02,FA22,Test,0.75,85.56136878,0.5,82.32375,0.375,78.75125,0.475,80.82777376,0.541666667
94491110,1113W02,FA22,Test,0.25,89.03692182,0.25,87.5,0.125,72.08375,0.175,78.55763436,0.208333333
25700341,1113W02,FA22,Test,0,92.70399698,0.375,66.44125,0.375,64.99875,0.3,70.8282994,0.25
28345489,1113W02,FA22,Test,0.5,48.88888889,0.125,95,0,89.58375,0.125,82.52802778,0.208333333
87182141,1113W02,FA22,Test,0,99,0.25,75,0.5,76.6675,0.35,80.8005,0.25
12341293,1113W02,FA22,Test,0.125,70.56341126,0.25,82.895,0.625,33.75,0.45,50.94168225,0.333333333
44192735,1113W02,FA22,Test,0,96.93096405,0.25,75,0,87.915,0.05,87.13519281,0.083333333
49458969,1113W02,FA22,Test,0,74.19607843,0.125,96.28875,0,83.335,0.025,84.09796569,0.041666667
15971793,1113W02,FA22,Test,0,98.03846154,0,100,0.125,64.16875,0.075,78.10894231,0.041666667
43401181,1113W02,FA22,Test,0,86.73633107,0,100,0,86.66625,0,89.34701621,0
44260048,1113W02,FA22,Test,0,98.95833333,0.125,87.5,0.125,77.5,0.1,83.79166667,0.083333333
8073145,1113W02,FA22,Test,0.25,76.14718452,0,100,0.375,61.66625,0.275,72.2291869,0.208333333
51932803,1113W02,FA22,Test,0,97.68618024,0.125,89.58375,0.125,85.00125,0.1,88.45473605,0.083333333
24244256,1113W02,FA22,Test,0,98.77875189,0.25,65.385,0,88.33375,0.05,85.83300038,0.083333333
39778439,1113W02,FA22,Test,0.125,74.86849548,0.125,94.23125,0.375,74.58375,0.275,78.5701991,0.208333333
56868438,1113W02,FA22,Test,0.125,90.77457265,0,97.105,0,76.66625,0.025,83.57566453,0.041666667
53657744,1113W02,FA22,Test,0.625,72.45289718,0.375,62.3975,0.25,86.6675,0.35,78.97057944,0.416666667
13759440,1113W02,FA22,Test,0.875,19.57720588,0.125,94,0.125,85.4175,0.275,73.96594118,0.375
45726593,1113W02,FA22,Test,1,77.46537205,0.25,75,0.5,49.58375,0.55,60.24332441,0.583333333
5700968,1113W02,FA22,Test,0,71.82821141,0.125,90.03875,0.375,75.41875,0.25,77.62464228,0.166666667
23287333,1113W02,FA22,Test,0.125,96.80351307,0.25,87.5,0.25,84.16625,0.225,87.36045261,0.208333333
57133737,1113W02,FA22,Test,0.75,54.33129085,0.375,74.41375,0.5,75.8325,0.525,71.24850817,0.541666667
41921104,1113W03,FA22,Test,0,93.57679739,0,100,0,89.5825,0,92.46485948,0
27663028,1113W03,FA22,Test,0,85.82478633,0.25,85.08375,0,77.5,0.05,80.68170727,0.08
64520887,1113W03,FA22,Test,0.38,71.57073278,0.25,87.5,0.625,83.75,0.5,82.06414656,0.42
38343714,1113W03,FA22,Test,0,87.18966818,0.5,78.51625,0.125,84.1675,0.175,83.64168364,0.21
54495480,1113W03,FA22,Test,0,98.96895425,0.25,75,0,85.8325,0.05,86.29329085,0.08
83568618,1113W03,FA22,Test,0.75,98.875,0.25,75,0.25,88.7475,0.35,88.0235,0.42
70526885,1113W03,FA22,Test,0,85.17879588,0.125,87.5,0,90.8325,0.025,89.03525918,0.04
17644020,1113W03,FA22,Test,0.88,78.27319005,0.125,100,0.875,77.08125,0.725,81.90338801,0.63
61931380,1113W03,FA22,Test,0,90.89093137,0.125,87.5,0,87.91625,0.025,88.42793627,0.04
80915054,1113W03,FA22,Test,0.63,87.74412393,0.125,100,0.625,83.33375,0.525,87.54907479,0.46
13434142,1113W03,FA22,Test,0,69.94969206,0.25,88.47625,0,83.75,0.05,81.93518841,0.08
14428253,1113W03,FA22,Test,0.5,78.55392157,0.375,88.18375,0.375,81.24875,0.4,82.09678431,0.42
38887494,1113W03,FA22,Test,0.25,92.19123932,0.25,62.5,0,73.335,0.1,74.93924786,0.17
62318827,1113W03,FA22,Test,1,57.86780417,0.25,94.9225,0.5,68.33375,0.55,71.55831083,0.58
79922144,1113W03,FA22,Test,0,86.54292358,0,100,0,85,0,88.30858472,0
29302582,1113W03,FA22,Test,0,93.40161513,0,100,0,88.75,0,91.93032303,0
12583203,1113W03,FA22,Test,0.5,91.485137,0.125,87.5,0.5,87.91625,0.425,88.5467774,0.38
56105904,1113W03,FA22,Test,0.38,99.1875,0,100,0.375,90,0.3,93.8375,0.25
76315337,1113W03,FA22,Test,0.63,97.45399698,0.5,76.365,0.25,89.1675,0.375,88.2642994,0.46
40030166,1113W03,FA22,Test,0.13,83.33707265,0.5,60.13125,0.375,88.3325,0.35,81.69316453,0.33
59048625,1113W03,FA22,Test,0.38,97.35539216,0.375,76.76625,0.125,85.8325,0.225,86.32382843,0.29
33718192,1113W03,FA22,Test,0,85.31495098,0.25,75,0,84.1675,0.05,82.5634902,0.08
16210558,1113W03,FA22,Test,0.13,89.32739442,0,100,0.375,87.08375,0.25,90.11572888,0.17
11919489,1113W03,FA22,Test,0,98.84027778,0.375,68.23,0,90,0.075,87.41405556,0.13
60908012,1113W03,FA22,Test,0.13,91.35991704,0.5,72.31875,0.125,82.91625,0.2,82.48548341,0.25
44506083,1113W03,FA22,Test,0.13,81.4639266,0.375,84.51875,0,88.74875,0.1,86.44578532,0.17
96177771,1113W03,FA22,Test,0,98.61111111,0.375,59.38875,0.125,87.50125,0.15,84.10072222,0.17
88913472,1113W03,FA22,Test,0,99.65277778,0.25,82.9575,0.125,90,0.125,90.52205556,0.13
12882493,1113W03,FA22,Test,0,100,0.25,77.21125,0,90.83375,0.05,89.9425,0.08
2339862,1113W03,FA22,Test,0.25,82.44526144,0.25,75,0.125,83.33375,0.175,81.48930229,0.21
78972891,1113W03,FA22,Test,0.13,76.7813914,0.125,87.5,0.125,81.25,0.125,81.60627828,0.13
48442519,1113W03,FA22,Test,0.5,56.13568376,0.5,63.26875,0,81.6675,0.2,72.88138675,0.33
31469893,1113W03,FA22,Test,0.5,95.22712418,1,45.37125,0.125,88.75,0.375,81.36967484,0.54
67664744,1113W03,FA22,Test,0.38,97.55964052,0,100,0.625,86.66625,0.45,91.5116781,0.33
88934782,1113W03,FA22,Test,0,99.15277778,0,100,0,93.3325,0,95.83005556,0
56745039,1113W03,FA22,Test,0,96.7290724,0.25,97.115,0,88.3325,0.05,91.76831448,0.08
25055216,1113W03,FA22,Test,0.63,89.50625314,0.25,85.52625,0.25,86.24875,0.325,86.75575063,0.38
86806221,1113W03,FA22,Test,0,98.18055556,0,100,0,89.5825,0,93.38561111,0
20501343,1113W03,FA22,Test,0.25,89.20588235,0.125,100,0.25,86.6675,0.225,89.84167647,0.21
8529580,1113W03,FA22,Test,0.5,66.63675214,0,100,0.5,85,0.4,84.32735043,0.33
45154453,1113W03,FA22,Test,0.13,67.06133736,0.125,97.5,0.125,68.33375,0.125,73.91251747,0.13
